Référence,Type de bien,Prix de vente,Surface totale,€/m²,Nb pièces,Nb chambres,Autres,Commune,Détail Localisation,Note localisation,Etiquette NRJ,Etiquette GES,Coût copro /an,Coût charge /an,Autres coûts /an,Prix location /mois,Lien,Description entière annonce,Date publication annonce,
1,Appartement,86000,80,1075,4,2,,SAINT-ETIENNE,HYPER CENTRE- A 2 pas de la Rue General FOY - proches commerces et trams,5,D,E,600,,,580,https://www.leboncoin.fr/ventes_immobilieres/1753758201.htm,"ST ETIENNE / HYPER CENTRE- A 2 pas de la Rue General FOY. Dans un immeuble ancien en pierre, T4 de 80 m² en étage, actuellement loué 580 €/mois, séjour/salon, cuisine équipée, très clair, double vitrage pvc, chaudière au gaz récente, 2 chambres, proches commerces et trams. Veuillez contacter IMMO DE FRANCE Patrice EXCOFFIER au 06 88 74 73 72 (patrice.excoffier@immodefrance-fv.fr), pour tous renseignements complémentaires. Référence annonce : 29872484 Les honoraires sont à la charge du vendeur A propos de la copropriété : Nombre de lots : 14 Charges prévisionnelles annuelles : 600 €",27/11/2020,
2,Appartement,91000,78,"1166,666667",3,2,Intégralement rénové,SAINT-ETIENNE,CHARITÉ - à 2 pas rue Michelet,4,C,D,841,,,,https://www.leboncoin.fr/ventes_immobilieres/1883997049.htm,"ST ETIENNE / CHARITÉ- T3 de 78m² traversant sans vis à vis - Dans petite copropriété en pierre, bien entretenue à deux pas rue Michelet - intégralement rénové - beau parquet - 2 chambres + Un bureau - grande cuisine meublée équipée - belle salle de bains lumineuse - chauffage et eau chaude individuel gaz - faible charges - à voir rapidement (vidéo sur demande). Veuillez contacter IMMO DE FRANCE - Nadège REYNAUD au 06 58 95 44 00 (nadege.reynaud@immodefrance-fv.fr), pour tous renseignements complémentaires. Référence annonce : 33069471 Les honoraires sont à la charge du vendeur A propos de la copropriété : Nombre de lots : 29 Charges prévisionnelles annuelles : 841 €",27/11/2020,
3,Appartement,82000,89,"921,3483146",4,3,,SAINT-ETIENNE,Préfecture / JEAN-JAURES,5,C,D,1476,,,,https://www.leboncoin.fr/ventes_immobilieres/1883684293.htm,"ST ETIENNE / Préfecture / JEAN-JAURES- Idéal investisseur pour location étudiant - T4 de 89 m² - dans petite copropriété pierre - 3 chambres - cuisine ouverte sur salon - traversant - chauffage individuel gaz - à visiter rapidement. Veuillez contacter IMMO DE FRANCE - Nadège REYNAUD au 06 58 95 44 00 (nadege.reynaud@immodefrance-fv.fr), pour tous renseignements complémentaires. Référence annonce : 33210249 Les honoraires sont à la charge du vendeur A propos de la copropriété : Nombre de lots : 20 Charges prévisionnelles annuelles : 1476 €",27/11/2020,
4,Appartement,75000,67,"1119,402985",4,2,"Grand balcon, vue panoramique, petit balcon, cave, garage",SAINT-ETIENNE,COLLINE DES PERES - Secteur calme,2,D,E,1680,,,,https://www.leboncoin.fr/ventes_immobilieres/1868192403.htm,"ST ETIENNE / COLLINE DES PERES - Secteur calme - Beau T4 rénové de 68 m² avec son séjour plein ouest avec grand balcon-Vue panoramique-2 chambres-Cuisine équipée avec petit balcon-Double vitrage-Salle d'eau-WC indépendant-Cave-Garage-Veuillez contacter IMMO DE FRANCE - Céline LENORMAND au 06 72 48 22 64 (celine.lenormand@immodefrance-fv.fr), pour tous renseignements complémentaires. Référence annonce : 31612926 Les honoraires sont à la charge du vendeur A propos de la copropriété : Nombre de lots : 43 Charges prévisionnelles annuelles : 1680 €",27/11/2020,
5,Appartement,101000,92,"1097,826087",5,3,"Garage, 2 balcons",SAINT-ETIENNE,Proche cours Fauriel,4,D,E,2580,,,,https://www.leboncoin.fr/ventes_immobilieres/1584480016.htm,"Proche cours Fauriel. F5 de 92m² avec garage, comprenant cuisine équipée donnant sur balcon, cellier, séjour de 28m² avec balcon orienté Ouest, 3 chambres de 10, 11 et 12m², salle de eau ,SDB WC, nombreux rangements. Appartement lumineux, avec double vitrage, volets électriques, rénové récemment sans aucun vis-à-vis et vue dominante. Dans une copropriété bien entretenue. À voir rapidement ! Bien soumis au statut juridique de la Copropriété. Nb de lots : 222. Charges annuelles de copropriété (Montant moyen annuel quote-part du budget prévisionnel vendeur) : 2 580 €. chauffage, ascenseur, eau chaude Merci de contacter Mathieu au 06 23 40 30 62 En Aparté, Place Chavanelle, *** DPE : D GES : E La présente annonce immobilière a été rédigée sous la responsabilité éditoriale de Mathieu DEBARD Mathieu , Agent Commercial mandataire en immobilier immatriculé au Registre Spécial des Agents Commerciaux (RSAC) du Tribunal de Commerce de SAINT ETIENNE sous le numéro RSAC N° 513 841 072. Les honoraires de l'agence sont à la charge du vendeur. Référence annonce : 42003746 Les honoraires sont à la charge du vendeur A propos de la copropriété : Pas de procédure en cours Nombre de lots : 222 Charges prévisionnelles annuelles : 2580 €",26/11/2020,
6,Appartement,79800,66,"1209,090909",4,3,"cave avec éclairage, garage avec éclairage, balcon devant et derrière, traversant",SAINT-ETIENNE,COLLINE DES PERES - Secteur calme,2,D,E,,,,,https://www.leboncoin.fr/ventes_immobilieres/1855962133.htm,"Appartement F4 66 m² ensoleillé, quartier colline des Pères à SAINT ETIENNE 42000 comprenant 3 chambres dont une avec possibilité de faire un salon ,salle à manger, cuisine aménagée, salle de bain aménagée, wc séparé, cave avec éclairage, garage avec éclairage, balcon devant et derrière, traversant, placards chambres et entrée, PVC, fenêtre oscillo battant. 1er étage 1er étage AGENCE S'ABSTENIR ! tél. 0666365363 79.800 euros",04/12/2020,
7,Appartement,175000,145,"1206,896552",5,4,"bon état général, double vitrage, chauffage individuel gaz (chaudière Leblanc) parquet chevron, cheminées, balcon donnant sur deux pièces. une place de parking est louée dans la cour de la copropriété.",SAINT-ETIENNE,"Proche de la Place Dorian, à proximité immédiate de toutes les commodités (trams, bus, boutiques, restaurants, Picard...) ",5,,,,,,,https://www.leboncoin.fr/ventes_immobilieres/1860849793.htm,"Proche de la Place Dorian, à proximité immédiate de toutes les commodités (trams, bus, boutiques, restaurants, Picard...) appartement de 145 m², aux volumes bourgeois, situé au 2e étage, traversant, comprenant un séjour, une cuisine séparée (possibilité d'ouvrir), 4 chambres, dont une de 25 m² et une chambre équipée d'une salle d'eau, une salle de bains, toilettes séparées. L'appartement est en bon état général, double vitrage, chauffage individuel gaz (chaudière Leblanc) parquet chevron, cheminées, balcon donnant sur deux pièces. Charges peu élevées, une place de parking est louée dans la cour de la copropriété. Agences s'abstenir, merci.",04/12/2020,
8,Maison,165000,109,"1513,761468",4,3,"terrain d'environ 481 m2 est agrémenté d'une cour intérieure, un jeu de boule, un cabanon de rangement, un garage double.",SAINT-ETIENNE,à proximité du centre commercial Monthieuà proximité du centre commercial Monthieu,3,,,,,,,https://www.leboncoin.fr/ventes_immobilieres/1856416131.htm,"MAISON TYPE 4, 109 m2, TERRASSE, JARDIN, GARAGE DOUBLE DOHM IMMOBILIER Villars vous propose sur la commune de Saint-Etienne à proximité du centre commercial Monthieu, une maison de type T4 en duplex inversé. A l'étage la cuisine indépendate dispose d'une ouverture directe sur la terrasse de 22 m2 exposée sud. En rdc trois grandes chambres. A chaque niveau 1 wc, 1 SDB. Le terrain d'environ 481 m2 est agrémenté d'une cour intérieure, un jeu de boule, un cabanon de rangement, un garage double. Prévoir un rafraichissement d'agrémentation. Pour tout complément d'information contactez Michel LASSABLIERE au 06.71.37.34.81 Référence annonce : 1020_522 Prix hors honoraires : 165 000 €",04/12/2020,
9,Appartement,95000,75,"1266,666667",4,2,"garage, vue panoramique, balcon",SAINT-ETIENNE,Quartier Bellevue,3,E,F,,2400,1022,,https://www.leboncoin.fr/ventes_immobilieres/1872208196.htm,"Quartier Bellevue vend appartement type F4 et garage vaste salon / séjour 2 chambres, cuisine équipée contemporaine, salle de bain douche à l'italienne en parfait état, 9ème et dernier étage, vue panoramique, balcon, nombreux rangements dans résidence sécurisée. Taxe foncière 1022 euros, charges annuelles 2400 euros (chauffage collectif gaz eau chaude eau froide entretien de l'immeuble Curieux et professionnels s'abstenir.",04/12/2020,
10,Appartement,90000,87,"1034,482759",3,2,garage,SAINT-ETIENNE,Foch,3,D,E,,,,,https://www.leboncoin.fr/ventes_immobilieres/1889139290.htm,"Appartement FOCH Dans bel copropriété Art Déco, au 3 étage, bel appartement de type 3 de 87.39 m² comprenant hall, cuisine, séjour, 2 chambres, salle d'eau, 2 chambres. Garage. Proximité commerces. A voir rapidement. Référence annonce : 420013325 Les honoraires sont à la charge du vendeur",04/12/2020,
11,Appartement,115500,60,1925,3,,balcon,SAINT-ETIENNE,Cours Fauriel,4,D,E,,,,,https://www.leboncoin.fr/ventes_immobilieres/1855838612.htm,"Cours Fauriel F3 4éme étage avec ascenseur et balcon sur séjour et chambre sans vis à vis, triple exposition, fenêtres PVC double vitrage parking d’immeuble sécurisé.",04/12/2020,
12,Appartement,125000,70,"1785,714286",4,2,"refait à neuf en 2015, cave, buanderie",SAINT-ETIENNE,"Secteur Carnot, proche cité du design et école Tézenas",4,E,B,,480,738,,https://www.leboncoin.fr/ventes_immobilieres/1889101619.htmm,"Appartement T4 70m2 refait à neuf EXCLUSIVITÉ agence. Secteur Carnot, proche cité du design et école Tézenas. Appartement 4 pièces de 70m2 refait à neuf en 2015. Se compose d'un hall d'entrée avec rangements, accès séjour et salle à manger très lumineux. Cuisine équipée avec ilot centrale. 2 chambres dont une parentale avec espace dressing (ou 3 ème petite chambre) + salle d'eau avec douche, baignoire et meuble vasque. Wc séparé. Une buanderie. Volets électriques. Une cave. Charges : 40EUR/ mois ( entretien des communs + fond de travaux ). Taxe foncière : 738EUR. Chauffage électrique récent. Votre contact : Bastien ROLLET 06.89.96.11.75 LES TERRASSES DE L'IMMO - Annonce rédigée et publiée par un Agent Mandataire - Référence annonce : 15_0821I Les honoraires sont à la charge du vendeur A propos de la copropriété : Pas de procédure en cours",04/12/2020,
13,Appartement,94000,82,"1146,341463",4,2,,SAINT-ETIENNE,"rue Nicephore Niepce, quartier La Rivière, à 2 minutes de l'autoroute, Proximité transports en commun",1,C,D,190,,,,https://www.leboncoin.fr/ventes_immobilieres/1885522183.htm,"Appartement T4 de 81,84 m² Venez découvrir cet appartement d'environ 81m², situé rue Nicephore Niepce, quartier La Rivière, à 2 minutes de l'autoroute. Il est au troisième étage d'une copropriété qui en compte 6, avec ascenseur. Vous profiterez d'un séjour (avec accès à la loggia de 8m²)), d'une cuisine séparée et équipée (avec accès à la loggia également), de deux chambres et un bureau. Une cave et un parking extérieur complètent cet appartement. Proximité transports en commun. Nombre de lots de la copropriété : 48, Montant moyen annuel de la quote-part de charges (budget prévisionnel) : 190€ soit 15€ par mois. Les honoraires sont à la charge du vendeur. Réseau Immobilier CAPIFRANCE - Votre agent commercial Stéphanie DEVILLE 06 75 46 83 12 - Plus d'informations sur le site de CAPIFRANCE (réf.696773) Référence annonce : 340937932329 Les honoraires sont à la charge du vendeur A propos de la copropriété : Nombre de lots : 48 Charges prévisionnelles annuelles : 190 €",04/12/2020,
14,Appartement,119000,110,"1081,818182",4,4,Petit balcon ,SAINT-ETIENNE,"hyper centre ville de Saint-Etienne, place de l'hotel de ville.",5,E,F,1080,,1500,,https://www.leboncoin.fr/ventes_immobilieres/1851981947.htm,"Appartement type 5 4ème et dernier étage sans ascenseur ave Appartement type 5 110 m2, 4ème étage sans ascenseur, dernier étage dans une copropiété privée. Un salon/séjour. Une cuisine indépendante équipée. Une chambre parentale. Trois chambres enfants. Une salle d'eau. Une salle de bain. Un w.c individuel. Petit balcon dans l'allée. Secteur géographique: hyper centre ville de Saint-Etienne, place de l'hotel de ville. Prestations: appartement rénové il y a un dizaine d'annéee. Chauffage individuel gaz de ville. Charge de copropriété: 90 euros par mois. Taxe foncière: 1500 euros. Pour plus de renseignement, je vous laisse me contacter. M. FOUGHALI. Agent immobilier PBHIMMO. Tel: 06.12.38.90.99 - Annonce rédigée et publiée par un Agent Mandataire - Référence annonce : 14_45_37 Les honoraires sont à la charge du vendeur",04/12/2020,
15,Maison,139900,63,"2220,634921",6,3,,SAINT-ETIENNE,"10 mn à pied (gare, Zénith, Steel) ",3,D,E,,,,,https://www.leboncoin.fr/ventes_immobilieres/1807770155.htmm,"Exclu St-Etienne 10 mn à pied (gare, Zénith, Steel) Maison de ville avec terrasse compenant cuisine us salon-sam 3 chambres sdb 2 wc Cc gaz Parking Exclu St-Etienne 10 mn à pied de la gare Châteaucreux - Zénith - Steel - Maison de ville F4 avec terrasse sans vis-à-vis hall cuisine us équipée salon-sam accès vaste terrasse 3 chambres sdb wc cc gaz Parking Aucun vis-à-vis DPE : D Px : 139 900 € honoraires d'agence charge vendeur Sandrine Cataldi 0608754665 votre agent commercial RSAC: 539 589 085 Référence annonce : 2104",04/12/2020,
16,Appartement,110000,64,"1718,75",3,2,"Appartement traversant, balcon",CLERMONT-FERRAND,"Quartier chanteranne, proche tram",4,E,E,,1680,1076,,https://www.leboncoin.fr/ventes_immobilieres/1887691397.htm,"L'agence HMV immobilier vous propose en exclusivité un magnifique T3 traversant de 64m2 avec balcon qui bénéficie d'une vue sur le Puy de Dôme. Le bien se compose d'un salon donnant sur le balcon, d'une cuisine séparée et équipée. Un couloir avec rangement intégrés dessert la salle d'eau , le wc, ainsi que le coin nuit offrant 2 belles chambres dont une permettant l'accés au balcon. Situé au 4ème et dernier étage vous profiterez du calme et d'une luminosité naturelle maximale. Charges mensuel de 140 EUR (incluant le chauffage au gaz, eau chaude/froide, frais de syndic...). Taxe foncière annuel : 1076 EUR. Un parking privatif extérieur ainsi qu'une grande cave s'ajoutent aux prestations de l'appartement. Huisseries PVC double-vitrage. Secteur Chanteranne, Proximité tram et accés autoroutiers. Pour tous renseignements et visites contactez votre agent Mr Alexandre LEOTY au 07.68.76.54.41.Toutes nos annonces sont consultables sur notre site Internet. Alexandre Leoty agent commercial, numéro RSAC 520 398 645 délivré par le tribunal de commerce de Clermont-Ferrand. Référence annonce : 349 Les honoraires sont à la charge du vendeur A propos de la copropriété : Pas de procédure en cours",8/12/2020,
17,Appartement,124800,63,"1980,952381",3,2,"Résidence neuve, place de parking",CLERMONT-FERRAND,"Proche 1er Mai, CHU",3,E,C,,1060,,,https://www.leboncoin.fr/ventes_immobilieres/1891817777.htm,"Appartement

INVESTIR DANS UNE RÉSIDENCE RÉCENTE... - CITYA JAUDE - Dans une copropriété très bien entretenue à proximité des Carmes (Michelin), 1er Mai et du CHU Estaing (10 min à pied), ....
Découvrez cet appartement de 3 pièces de 63,4 m², il est composé d'une entrée, cuisine aménagée ouvrant sur un séjour de 23 m² donnant accès au balcon (exposé Sud), deux chambres de 11 et 13 m², toutes deux avec placards intégrés, une jolie salle de bains et un wc.
Il est situé au 1 er étage de cette résidence semi-récente avec ascenseur. Le chauffage de l'immeuble est individuel, alimenté à l'électricité.
L'appartement dispose d'une place de parking couverte et le stationnement d'un second véhicule se fait aisément dans la rue.
Pas de procédure en cours.
Honoraires charge vendeur. Le bien est soumis au statut de la copropriété , la copropriété comporte 226 lots , la quote-part budget prévisionnel charge vendeur (dépenses courantes) est de 1 060,00 euros/an.
Honoraires à la charge du vendeur. Vous pouvez consulter les barèmes d'honoraires à l'adresse suivante : ***
Référence annonce : TAPP421538
Les honoraires sont à la charge du vendeur

A propos de la copropriété :
Nombre de lots : 226
Charges prévisionnelles annuelles : 1060 €",08/12/2020,
18,Appartement,162000,80,2025,4,3,"Balcon, garage, cave",CLERMONT-FERRAND,Excentré tram,2,,,,,1379,,https://www.leboncoin.fr/ventes_immobilieres/1891663991.htm,"Appartement T4 à Clermond Ferrand Appartement T4 avec balcon au 1er étage avec ascenseur situé 49 Avenue du Puy de Dôme à Clermont Ferrand, dans une résidence sécurisée et bien entretenue. Proche toutes commodités. Vendu avec un garage et une cave. L'appartement se compose d'un hall d'entré, cuisine fermée, salon avec accès sur le balcon, 3 chambres dont 2 avec placard intégré et 1 avec un accès sur le balcon (9,44m²/10,91m²/11,33m²) SDB et WC séparé. Huisseries PVC double vitrage, volets roulants manuels Chauffage individuel au gaz Taxe foncière : 1379€ Visite virtuelle disponible ! Référence annonce : 02250A0A06 Les honoraires sont à la charge du vendeur",8/12/2020,
19,Appartement,182000,60,"3033,333333",3,2,"Ascenseur, salle de fitness, garage couvert fermé (normes handicapées) ",CLERMONT-FERRAND,Cézeaux : proche facs,4,A,C,,1176,,,https://www.leboncoin.fr/ventes_immobilieres/1891297347.htm,"*** EXCLUSIVITE *** Quartier des Cézeaux, dans une impasse au calme, appartement impeccable de 60m² au 3ème étage d'une résidence sécurisée de 2012. L'appartement vous propose une entrée, une cuisine équipée ouverte sur le séjour avec balcon, deux chambres avec placards, belle salle d'eau et WC séparés. Double exposition SE et SO, double vitrage PVC et volets roulants. Ascenseur, salle de fitness, garage couvert fermé (normes handicapées) complètent ce bien. Chauffage individuel gaz. Charges 98€/mois. Honoraires charges vendeur. Investir Immobilier Alexandre De Freitas 06.68.44.24.67",8/12/2020,
20,Appartement,151200,67,"2256,716418",4,3,Vendu occupé avec locataires,CLERMONT-FERRAND,,,E,,,1017,,1049,https://www.leboncoin.fr/ventes_immobilieres/1891637532.htm,"Idéal investisseur - Bel appartement T4

EXCLUSIVITÉ ERA JAUDE IMMOBILIER Produit d'investissement locatif avec un rendement de 8,4% Appartement T4 de 67m² refait à neuf, les 3 chambres sont actuellement louées en colocation (1049euros/mois), salle d'eau et cuisine aménagée et équipée complètent ce bien ainsi qu'un garage et une cave Appartement vendu occupé Contactez dès maintenant votre conseillère Margaux GOMOT (RSAC Clermont Ferrand : 889 858 031) : 06.23.72.39.62 Honoraires charge vendeur Copropriété de 141 lots Charges annuelles : 1017.2 euros. MARGAUX GOMOT Agent Commercial - Numéro RSAC : 889858031 -
Référence annonce : 139
Les honoraires sont à la charge du vendeur

A propos de la copropriété :
Procédure en cours
Nombre de lots : 141
Charges prévisionnelles annuelles : 1017 €",8/12/2020,
21,Appartement,125500,80,"1568,75",4,3,parking,CLERMONT-FERRAND,10 min du centre,4,,,,2400,,540,https://www.leboncoin.fr/ventes_immobilieres/1838237310.htm,"MANDAT CONFIANCE - CLERMONT-FERRAND Spécial Investisseur: Venez découvrir cet appartement de type 4 proche de toutes les commodités et à moins de 10 minutes du centre-ville. Il est composé d'un beau séjour, de trois chambres et d'une cuisine aménagée et équipée. De plus, vous retrouverez un grand cellier. Une place de parking dans un box sécurisé vient compléter ce bien. Loué 540€+charges A visiter rapidement!! Référence annonce : 19326 Non soumis au DPE Les honoraires sont à la charge du vendeur A propos de la copropriété : Nombre de lots : 161 Charges prévisionnelles annuelles : 2400 €",8/12/2020,
22,Appartement,190000,86,"2209,302326",3,2,,CLERMONT-FERRAND,Idéal couple avec enfant mais pas étudiant,3,C,D,,1560,1200,,https://www.leboncoin.fr/ventes_immobilieres/1891381280.htm,"SANS FRAIS D'AGENCE Cet appartement duplex (T3) situé à 10 min à pied de la place de Jaude, est un bien atypique donnant accès à une cour intérieure commune avec espaces verts. Le Rez-de-Chaussée (40.38 m²) se compose d’une cuisine entièrement équipée (frigo, four, lave-vaisselle, plaque induction + hotte) donnant sur l’espace de vie avec une belle hauteur sous plafond ; une buanderie (3.45m²) aménagée avec grenier ; un toilette. A l’étage, tout en parquet massif, l’espace nuit dispose d’une chambre spacieuse avec dressing ; une chambre, avec mezzanine (4.89 m²) et verrière ; une salle de bain avec parquet bateau et meuble double vasque, équipé d’une baignoire et d’une douche ; un toilette indépendant ; un grand placard + un espace bureau. Situé au calme, ce bien bénéficie également d’un parking couvert, sécurisé par deux portails électriques. Localisation : secteur Carmes, école et crèche à 100m, proche lycée Jeanne d’Arc et Blaise Pascal, tramway et gare à 5 min. Petite copropriété de 16 lots ; CHARGES MENSUELLES FAIBLES de 35€/mois (syndic bénévole) ; Chauffage électrique, consommation totale 95€/mois, double vitrage ; Taxe foncière 1200€/an. Photos supplémentaires disponibles par mail.",8/12/2020,
23,Appartement,174500,69,"2528,985507",3,2,,CLERMONT-FERRAND,25min du centre,3,C,D,,960,1107,,https://www.leboncoin.fr/ventes_immobilieres/1885519253.htm,"APPARTEMENT LAFAYETTE Le Cabinet de Lattre vous propose sur Clermont-Ferrand secteur Lafayette, un appartement T3 de 69 m² au 4ème étage avec ascenseur. Traversant Est/Ouest, composé d'une cuisine équipée, d'un séjour lumineux avec balcon, d'une salle d'eau et de 2 chambres avec placards intégrés. Secteur très recherché ! A 25 min du centre ville à pied, cet appartement bénéficie d'une cave et d'un garage fermé. Chauffage gaz individuel. Appartement refait entièrement en 2016. Façade refaite en 2019 ainsi que l'isolation par l'extérieur. 80€ de charges par mois qui comprends : entretiens des communs et des espaces verts. La taxe foncière est de 1 107 € Contacter votre conseillère Cindy MALGOUYRES au 06.28.06.31.28 Référence annonce : 4592509 Les honoraires sont à la charge du vendeur",8/12/2020,
24,Appartement,189900,80,"2373,75",4,3,,CLERMONT-FERRAND,Semble proche commodités,4,B,C,,2220,1317,,https://www.leboncoin.fr/ventes_immobilieres/1845655290.htm,"Joli T4 avec vue, au calme à Clermont Nord Les Clés de Chloé vous propose ce bel appartement au 4ème et dernier étage, avec ascenseur, d'une résidence de standing de 2014 dans un quartier en pleine mutation. Vous n'aurez qu'à poser vos valises dans ce vaste T4 en retrait, sans vis-à-vis et particulièrement calme. Sur environ 80 m2, exposé Sud avec une belle vue dégagée, il se compose de : - 1 entrée avec placard intégré - 1 pièce à vivre ouverte sur une cuisine équipée et aménagée - 1 cellier - 1 couloir (avec placard intégré) desservant l'espace nuit - 3 chambres avec placard intégré - 1 salle de bain - 1 WC séparé - 1 balcon/terrasse de 9 m2. Une place de parking en sous-sol sécurisé, pouvant être transformée en box, complète ce bien. Les points forts : - Pas de travaux à prévoir - Lumineux avec de grandes ouvertures - Fenêtres PVC avec double vitrage - Très calme, pas de vis à vis - Chaudière collective Bois basse consommation - Logement BBC (Bâtiment Basse Consommation) - Accessibilité Personne à Mobilité Réduite - Toutes les commodités sont à proximité (Centre Commercial, Tramway, Cabinets médicaux, Ecoles, Restaurants, Cinéma...). Autres informations : Le bien proposé est soumis au statut de la copropriété. Le nombre total de lots de copropriété est de 202 lots dont 101 logements. Le montant mensuel de charges courantes prévisionnelles est de 185 €/mois (entretien communs, ascenseur, eau chaude, eau froide, chauffage). Il n'y a pas de procédures en cours pour cette copropriété. La taxe foncière est de 1317 €/an. Votre conseiller LES CLES DE CHLOE : Renaud Pourrat - Tél. 06.58.12.65.05 N° RSAC 883 889 370 RCP 59 661 778 Référence annonce : 80-CLESCHLOE Les honoraires sont à la charge du vendeur A propos de la copropriété : Pas de procédure en cours Nombre de lots : 202",7/12/2020,
25,Appartement,112000,90,"1244,444444",5,3,,CLERMONT-FERRAND,hauts chanturge,3,D,E,,2292,,,https://www.leboncoin.fr/ventes_immobilieres/1885045797.htm,"Trés bel Appartement entiérement rénové avec goût d'une surface de 90 m2 hab avec balcon. Il est composé d'une cuisine aménagée, d'un grand séjour salle à manger, de 3 chambres, d'une salle de bains, wc, cave et parking privé. Belles prestations!! il est situé rue des hauts de chanturgue. - Montant moyen annuel de la quote part de charges (budget prévisionnel) : 2292 € soit 191 € par mois Le bien est soumis au statut de la copropriété. Bien en copropriété de : 162 lots. Honoraires de 6.67 % TTC inclus à la charge de l'acquéreur (105 000 € hors honoraires) Pas de procédure en cours. Votre agent commercial 3G IMMO-CONSULTANT sur place Yasmina MEKADEM Inscrite au RSAC de CLERMONT-FERRAND 445 012 354, Tel : 06 86 67 27 85 Référence annonce : 137994YM-1462368756 A propos de la copropriété : Charges prévisionnelles annuelles : 2292 €",7/12/2020,
26,Appartement,179000,84,"2130,952381",3,2,résidence sécurisée avec gardien et parking,CLERMONT-FERRAND,Quartier galaxie,3,,,,2400,,,https://www.leboncoin.fr/ventes_immobilieres/1873907467.htm,"Entièrement rénové en 2018, idéalement situé a Clermont Ferrand limite Chamalieres dans le quartier galaxie. L'appartement est au 11 éme étages avec ascenseur et gardien. Hall d'entré avec dressing, pièce de vie de 37 m2 donnant sur un balcon, cuisine entièrement équipée. La partie nuit se compose de 2 chambres avec rangement, 1 salle d'eau avec douche a l'italienne et d'un WC suspendu séparé. 1 place de parking dans un garage sécurisé ( 24/24 présence d'un gardien ) La résidence dispose d'espaces verts communs et aire de jeux protégés. Quartier résidentiel, transports et commerce au pieds de la résidence, la place de jaude ainsi que le centre de Chamalieres sont a moins de 15 min a pieds. a propos de la copropriété: pas de procédure en cours, charge prévisionnelles 200,00 €/mois comprenant le chauffage, l'eau froide et chaude, l'entretien des espaces verts + 27,00 € pour le garage.",7/12/2020,
27,Appartement,210000,90,"2333,333333",4,2,"terrasse sud, securisé garage 2 places local à vélo, jardin paratagé",GRENOBLE,avenue Alfred de Vigny,3,C,D,,,,,https://www.leboncoin.fr/ventes_immobilieres/1808869899.htm,"Superbe duplex de 90 m2 au sol, climatisé et sécurisé. Venez visiter ce lumineux appartement traversant au deuxième et dernier étage, situé avenue Alfred de Vigny en face de la Gendarmerie Nationale. Vous apprécierez un premier niveau composé d’un salon/salle à manger ouvert sur une belle terrasse, joliment décorée, exposée Sud. Une cuisine intégrée et tout équipée, une chambre, hall, placard et toilettes. A l'étage deux très grandes chambres de + de 18 m2 au sol séparées par une salle de bain équipée (Aubade). Un très grand garage double disponible en sus. Pour votre confort : volets électriques dans les pièces communes, terrasse en teck avec store automatique, local à vélo à disposition, espaces verts (jardinage à partager autour d’un apéro). Tél : 06 12 51 30 12",08/12/2020,
28,Appartement,199000,63,"3158,730159",3,2,balcon,GRENOBLE,proche de la gare,5,C,D,,1000,,,https://www.leboncoin.fr/ventes_immobilieres/1892131533.htm,"Appartement 3 pièces 63.38 m² Grenoble Grenoble, a prox de la Gare, du World trade center, de l'école de commerce, europole, au 3 étage d'un immeuble de 2007, beau T3+ cuisine de 63m², comprenant salon, cuisine équipée et ouverte, 2 chambres au calme, dégagement, salle de bain et toilette séparée. En plus, balcon terrasse accessible depuis le salon.. voir visite 3D sur notre site et renseignements Franck au 06.07.35.57.42 Référence annonce : 5FBD944ACAC00242460683 Les honoraires sont à la charge du vendeur A propos de la copropriété : Nombre de lots : 70 Charges prévisionnelles annuelles : 1000 €",08/12/2020,
29,Appartement,159000,64,"2484,375",3,2,,GRENOBLE,,,D,E,,,,,https://www.leboncoin.fr/ventes_immobilieres/1863845613.htm,"Agréable 3P+C, 2ème étage sur 3, belle pièce de vie, cheminée, parquet, sans vis à vis, vue montagnes, 2 belles chambres, dressings, cuisine équipée, expo S/N, beaux volumes. Très bon état. A saisir vite ! 6 lots",08/12/2020,
30,Appartement,147000,101,"1455,445545",5,"3,5","balcon, terrasse",GRENOBLE,,,D,D,,2188,,,https://www.leboncoin.fr/ventes_immobilieres/1874753083.htm,"La copropriété MALHERBE OUEST est très bien tenue et très calme. Elle est caractéristique des belles résidences des années 70 avec ses parties communes lumineuses, ses boites aux lettres en bois aux normes, son vaste ascenseur et les beaux volumes des appartements. Quant à l'appartement, après un petit rafraichissement, il retrouvera sa splendeur d'autrefois avec son séjour double et ses trois belles chambres (voire 4?), sa vraie cuisine, sa salle d'eau avec douche, son dressing, sa buanderie, son balcon, sa terrasse et sa vue sublime sur nos massifs. Et, le petit plus qui va finir de vous convaincre, vous pourrez acheter un garage dans la copropriété pour 14.000 €. Alors ? Quand programmons-nous une visite ? CAPITAL IMMOBILIER Martine REVURAT MACIEJEWSKI 06 70 03 42 07 1 quai Créqui 38000 GRENOBLE Charges annuelles 2188€/an avec chauffage, eau chaude et eau froide 169 lots Honoraires à la charge du vendeur",08/12/2020,
31,Appartement,125000,82,"1524,390244",4,,,GRENOBLE,eaux claires,3,C,D,,,,,https://www.leboncoin.fr/ventes_immobilieres/1891768243.htm,Pas d'agence ni de mandataire merci. Appartement 82m2 situé aux eaux Claires dans une copropriété calme et rénovée. Plus d'informations sur demande. Garage possible en plus,08/12/2020,
32,Appartement,113000,67,"1686,567164",4,"2,5",,GRENOBLE,Libération Rondeau,2,D,D,,,,,https://www.leboncoin.fr/ventes_immobilieres/1891723913.htm,"Grenoble, Libération - Rondeau. F4 rénové de 67 m² dans copropriété ravalée et isolée par l'extérieur. Exposition est - sud, ne donne pas sur le cours de la Libération ! Au 5ème étage avec ascenseur. Le séjour double peut être séparé pour recréer une 3ème chambre. La cuisine (avec un cellier) est indépendante et peut être ouverte sur le séjour. Salle de bain neuve avec wc indépendants. Double vitrage, chauffage collectif. Les charges de 135 € / mois comprennent le chauffage. Interimmo38, agence à taux de commission réduit, membre du réseau grenoblois Bilik. Contactez Cyril Bouchayer aux 04 76 460 560 / 06 18 91 31 37",08/12/2020,
33,Appartement,147500,68,"2169,117647",3,2,"parking, cave",GRENOBLE,"Clémenceau, proche palais des sports",5,,,,,,,https://www.leboncoin.fr/ventes_immobilieres/1620420016.htm,"GRENOBLE CLEMENCEAU BEAU T3 DANS BELLE COPRO GRENOBLE PROX CLEMEMCEAU PALAIS DES SPORTS, ,T3 de 68m² bien exposé au 3 ème étage sur 4 dans belle copro récente bien entretenue avec ascenseur comprenant avec cuisine semi ouverte sur séjour ouvrant sur une terrasse, 2 chambres avec placard, salle de bains et wc séparé. Parking copro facile et cave. DPE D prox commerces transports etc... Contact Pascal VAZQUEZ Agent co au 0677673836 Référence annonce : 2212-2-4094258 Les honoraires sont à la charge du vendeur",08/12/2020,
34,Appartement,174900,74,"2363,513514",4,3,,GRENOBLE,quartier Mutualiste,4,E,E,,2118,,630,https://www.leboncoin.fr/ventes_immobilieres/1879792294.htm,"Grenoble Mutualiste T4 avec locataire T4 Grenoble quartier Mutualiste, dans une copropriété de 29 lots bien tenue, ce T4 avec locataire en place, trois chambres, séjour, et cuisine séparée, en bon état général. chauffage collectif, charges de copropriété 2120. Actuellement loué depuis plus d'un an à une famille pour un loyer de 7560 € hors charges. a proximité du tram des grands Boulevards et la rocade. Il y a actuellement une action de la copropriété en justice à l'encontre de la Metro. DPE: E Taxe foncière:1500€ Prix:175000€ Référence annonce : 76-4563157 Les honoraires sont à la charge du vendeur A propos de la copropriété : Procédure en cours Nombre de lots : 29 Charges prévisionnelles annuelles : 2118 €",08/12/2020,
35,Appartement,119000,73,"1630,136986",3,2,"terrasse (50m2), cave",GRENOBLE,"Vigny Musset, Allée des 2 mondes.",2,D,D,,1596,,,https://www.leboncoin.fr/ventes_immobilieres/1891709807.htm,"Grenoble, Vigny Musset, Allée des 2 mondes. Appartement F3 au 1er étage avec ascenseur. L'appartement donne intégralement sur le jardin intérieur et clos de la copropriété : calme absolu ! Exposition ouest. La cuisine ouverte, le séjour et les deux chambres ouvrent sur une grande terrasse de 50 m². En remplaçant la baignoire par une douche à l'italienne l'appartement pourrait être accessible aux personnes à mobilité réduite. La base est saine, il suffit de prévoir quelques rafraichissements. Double vitrage, chauffage collectif. Les charges (133 € / mois) comprennent le chauffage, l'eau chaude et l'eau froide. Vendu avec une cave. Interimmo38, membre du réseau Bilik, agence à taux de commission réduit. Contactez Cyril Bouchayer aux 04 76 460 560 / 06 18 91 31 37",08/12/2020,
36,Appartement,179000,73,"2452,054795",3,2,,GRENOBLE,Lakanal,5,E,B,,660,,,https://www.leboncoin.fr/ventes_immobilieres/1731284527.htm,"Appartement type 3 Lakanal Au coeur du secteur Lakanal, je vous invite à venir découvrir cet appartement de type 3 situé au rdc d'une copropriété bien entretenue. Cet apppartement se compose de deux chambres, une cuisine ouverte sur séjour, une salle d'eau, un toilette. Idéal investissement ou profession libérale ! Une cave complète ce bien. Bien soumis au statut de copropriété. Contact: Karin Arnaud: 016923410/karin@karinarnaud.fr Référence annonce : 0004 Les honoraires sont à la charge du vendeur A propos de la copropriété : Pas de procédure en cours Charges prévisionnelles annuelles : 660 €",08/12/2020,
37,Appartement,149000,76,"1960,526316",4,2,balcon,GRENOBLE,dans quartier vivant et verdoyant agréable,,,,,2400,,,https://www.leboncoin.fr/ventes_immobilieres/1886940783.htm,"Appartement T4 + balcon Grenoble, dans quartier vivant et verdoyant agréable T4, comprenant un séjour/salon lumineux avec accès balcon, cuisine, 2 chambres (possibilité 3), salle de bains, WC, vue superbe sur les massifs Belledonne et Vercors. Belle oportunité exclusive à découvrir. Prix : 149 000 EUR - BV IMMOBILIER - 04 76 40 60 33 - 06 85 10 75 81 Référence annonce : 2_949 Les honoraires sont à la charge du vendeur A propos de la copropriété : Pas de procédure en cours Charges prévisionnelles annuelles : 2400 €",08/12/2020,
38,Appartement,155000,72,"2152,777778",3,2,"terrasse, local à velo, garage(+13000€)",GRENOBLE,rue Lucien Andrieux,3,B,B,,1680,,,https://www.leboncoin.fr/ventes_immobilieres/1891690629.htm,"Grenoble, rue Lucien Andrieux. Proximité gendarmerie, bus, centres commerciaux, grands axes Appartement standing (normes pmr) F3 de 72 m² dans copropriété construite en 2012. 1er étage surélevé avec ascenseur, . Etat neuf ! Le séjour et sa cuisine ouverte équipée ouvrent sur une terrasse exposée est avec vue dégagée. 2 chambres exposée au nord. Grande salle de bain, wc séparés. Buanderie. L'appartement est proposé avec un garage en supplément + 13 000 €. Les charges (140 € / mois) comprennent une provision de chauffage collectif, d'eau froide et d'eau chaude. Local à vélo, visiophone. Interimmo38, membre du réseau Bilik, agence à taux de commission réduit. Contactez Cyril Bouchayer aux 04 76 460 560 / 06 18 91 31 37",08/12/2020,
39,Appartement,139000,82,"1695,121951",4,3,"Garage, cave",GRENOBLE,eaux claires,3,C,D,,2372,,,https://www.leboncoin.fr/ventes_immobilieres/1891938335.htm,"APPARTEMENT T4 AVEC EXTERIEUR AU CALME 3%IMMO. Secteur Eaux Claires .Au calme, sans aucune nuisance, appartement au 1er étage avec garage entièrement rénové composé d'un beau salon avec accès direct sur un bel extérieur aménagé, d'une cuisine entièrement équipée et aménagée donnant directement sur la loggia avec vue sur un espace vert au calme, de trois belles chambres dont une de plus de 13m2 avec placard ( les 2 autres font 10.91 et 10.51 m2 avec placard), une belle salle de bains composée d'une baignoire et d'une double vasque et d'un WC indépendant. cave, fenêtres PVC double vitrage (sauf dans 2 chambres), Aucun travaux à prévoir. Bien soumis au statut de la copropriété de 198 lots( 63 appartements) 2 lots à vendre. charges/an: 2372 EUR ( 197 EUR / Mois ) pas de procédure en cours. Les charges comprennent le chauffage, l'eau chaude ainsi que les charges générales. Pour plus d'informations ou pour visiter, n'hésitez pas à contacter stéphanie au 06.99.18.21.68 Référence annonce : V10000025 Les honoraires sont à la charge du vendeur",08/12/2020,
40,Appartement,120000,67,"1791,044776",3,2,"Balcon, cave",SAINT-ETIENNE,"43 bis rue Montesquieu, 42100 Saint Etienne / Il se trouve au niveau du Cours Fauriel, proche des écoles (art/sports) et à 20min (à pied) du centre-ville. - Il est facile de sortir de Saint-Etienne, car il se situe à 2 min de la voie rapide. - Arrêt de bus devant le bâtiment, pas de problème de stationnement dans la rue (ou possibilité d’avoir un parking privé (30€/mois). ",4,C,C,,,,,https://www.leboncoin.fr/ventes_immobilieres/1893447978.htm,"Disponible à partir du 01 janvier Lieu : 43 bis rue Montesquieu, 42100 Saint Etienne Bâtiment propre et agréable, bien entretenu, le logement se situe au 4ème étage (sans ascenseur). Appartement idéal pour une famille / jeune couple ou collocation. Quartier très clame ! Caractéristiques : - Cuisine ouverte sur le salon, équipée d’un réfrigérateur neuf, gazinière (3 gaz + 1elec), machine à laver. Un plan de travail avec beaucoup de rangements. - Séjour (salle à manger + salon) de 27m² très lumineux et agréable. - 1 chambre de 13m² avec un dressing. - 1 chambre de 10m² / ou bureau. - Salle de bain - Balcon de 2m² - Cave de 8m² Chauffage gaz individuel Les alentours : - Il se trouve au niveau du Cours Fauriel, proche des écoles (art/sports) et à 20min (à pied) du centre-ville. - Il est facile de sortir de Saint-Etienne, car il se situe à 2 min de la voie rapide. - Arrêt de bus devant le bâtiment, pas de problème de stationnement dans la rue (ou possibilité d’avoir un parking privé (30€/mois). Si vous êtes intéressés, n’hésitez pas à me contacter pour plus d’informations. Merci de me contacter par mail de préférence. Au plaisir.",11/12/2020,
41,Appartement,185000,113,"1637,168142",6,3,"Duplex, terrasse, garage, cellier",SAINT-ETIENNE,SECTEUR HAUT FOURNEYRON OPERA,3,C,D,,,,,https://www.leboncoin.fr/ventes_immobilieres/1879379478.htm,DUPLEX AVEC TERRASSE / SECTEUR OPERA SAINT-ETIENNE / SECTEUR HAUT FOURNEYRON OPERA DANS COPROPRIETE FERMEE ET SECURISEE. PRODUIT RARE ET EXCEPIONNEL A 5 MIN DU CENTRE VILLE. DUPLEX DE 113M2 AVEC TERRASSE ET GARAGE EN DERNIER ETAGE SANS VIS A VIS. CUISINE SEPAREE EQUIPEE / GRAND SEJOUR AVEC ACCES SUR TERRASSE. 3 CHAMBRES - CELLIER - NOMBREUX RANGEMENTS. SALLE DE BAIN / SALLE D' EAU ET DEUX WC SEPARES. VOLET ROULANT ELEC / DOUBLE VITRAGE BOIS. CHAUFFAGE IND GAZ - CHAUDIERE RECENTE. CLASSE ENERGIE : C / REF : RMVD01 PRIX : 185.000EUR HONORAIRE CHARGES VENDEUR. ROMAIN MEASSON NEGOCIATEUR IMMOBILIER. 06.35.49.62.88 / romainmeasson@gmail.com SIRET : 840 132 252 000 23. WWW,CABINETOLIVIER.COM Référence annonce : RMVD01 Les honoraires sont à la charge du vendeur A propos de la copropriété : Pas de procédure en cours,11/12/2020
42,Appartement,59000,84,"702,3809524",4,3,"Balcon, traversant",SAINT-ETIENNE,Avenue de Rochetaillée,3,,,,2280,,,https://www.leboncoin.fr/ventes_immobilieres/1885314933.htm,"T4 Avenue de Rochetaillée avec balcon Saint Etienne, Secteur Bellevue, T4 traversant d'environ 84 m2 avec balcon Cuisine, séjour, 3 chambres , 1 salle de bains, wc séparé, une cave et possibilité d'avoir un garage. Charges d'environ 190 euros par mois comprenant, fond de réserve, entretien des parties communes, chauffage, eau chaude, ascenseur... Copropriete de 82 lots, aucune procédure en cours. Ne répond pas aux mails sans numéro de téléphone Honoraires à la charges du vendeur Agent commercial inscrit au RSAC de Saint Etienne sous le no878 708 411 L'agence Cityzen immobilier ne doit recevoir ni détenir d'autres fonds ou valeurs que ceux représentatifs de sa rémunération ou de sa commission Référence annonce : 663 Les honoraires sont à la charge du vendeur A propos de la copropriété : Pas de procédure en cours Nombre de lots : 82",11/12/2020,
43,Appartement,95000,58,"1637,931034",3,2,,SAINT-ETIENNE,Cours Fauriel à 2 pas de l'école des Mines ,4,F,F,,,,,https://www.leboncoin.fr/ventes_immobilieres/1884727079.htm,"T3 Cours Fauriel Saint-Étienne, centre ville, Cours Fauriel, à 2 pas de l'école des Mines changez de logement pour cet agréable appartement de type F3. L'appartement mesure environ 58m2 et compte un espace cuisine, 2 chambres et une salle de bain, avec WC séparé Il est au 8eme étage, présence d'un ascenseur dans le bâtiment. Le logement vous fait profiter d'un gardien. Bon choix pour une première acquisition immobilière, appartement en bon état vous n'avez plus qu'à poser vos valises Contactez dès à présent CityZen Immobilier pour visiter cet appartement. Copropriété de 164 lots en parfait état, aucune prcédure en cours Ne répond pas aux mails sans numéro de téléphone. Honoraires à la charges du vendeur. Agent commercial inscrit au RSAC de Saint Etienne sous le no878708411 L'agence Cityzen immobilier ne doit recevoir ni détenir d'autres fonds ou valeurs que ceux représentatifs de sa rémunération ou de sa commission Référence annonce : 662 Les honoraires sont à la charge du vendeur A propos de la copropriété : Pas de procédure en cours Nombre de lots : 164",11/12/2020,
44,Appartement,57000,51,"1117,647059",3,2,,SAINT-ETIENNE,à proximité du tram et de la gare de Chateaucreux,3,D,B,,600,,,https://www.leboncoin.fr/ventes_immobilieres/1882689842.htm,"T3 de 51 m2 avec locataire en place À Saint-Étienne, à proximité du tram et de la gare de Chateaucreux investissement à réaliser avec cet appartement loué de 51 m2 disposant de 2 chambres, un espace cuisine ouverte sur la pièce d vie et une salle de bain. Le calme du lieu est assuré par le double vitrage. Cette propriété est au 2ème et dernier niveau. Faibles charges d'environ 50 euros par mois Copropriété de 5 lots, aucune procédure en cours Honoraires à la charges du vendeurAgent commercial inscrit au RSAC de Saint Etienne sous le no820194512Délégation de mandat Cityzen immobilier ne doit recevoir ni détenir d'autres fonds ou valeurs que ceux représentatifs de sa rémunération ou de sa commission Référence annonce : 644 Les honoraires sont à la charge du vendeur A propos de la copropriété : Pas de procédure en cours Nombre de lots : 5",11/12/2020,
45,Appartement,105000,60,1750,3,2,balcon vue exceptionnelle parking privé,SAINT-ETIENNE,"centre ville, Cours Fauriel, à 2 pas de l'école des Mines ",4,E,F,,,,,https://www.leboncoin.fr/ventes_immobilieres/1873901925.htm,"Appartement à acheter dernier étage à Saint-Étienne, Cours F Saint-Étienne, centre ville, Cours Fauriel, à 2 pas de l'école des Mines changez de logement pour cet appartement de type F3. L'appartement mesure 60m2 et compte un espace cuisine, 2 chambres et une salle de bain, un dressing Il est au dernier niveau sur 9 ; présence d'un ascenseur dans le bâtiment. Pour vous aérer sans quitter votre appartement, vous bénéficierez d'un balcon avec une vue exceptionnelle. Ce domicile vous fait bénéficier d'un espace de stockage en sous-sol et d'un parking privé avec une barrière électrique Le logement vous fait profiter d'un gardien. Bon choix pour une première acquisition immobilière. Contactez dès à présent CityZen Immobilier pour visiter cet appartement ( vidéo disponible). Copropriété de 108 lots en parfait état, aucune prcédure en cours Ne répond pas aux mails sans numéro de téléphone. Honoraires à la charges du vendeur. Agent commercial inscrit au RSAC de Saint Etienne sous le no878708411 L'agence Cityzen immobilier ne doit recevoir ni détenir d'autres fonds ou valeurs que ceux représentatifs de sa rémunération ou de sa commission Référence annonce : 650 Les honoraires sont à la charge du vendeur",11/12/2020,
46,Appartement,75000,55,"1363,636364",3,2,Balcon,SAINT-ETIENNE,", à 2 pas de l'université Jean Monnet, des commerces & du tram",4,E,E,,1200,,,https://www.leboncoin.fr/ventes_immobilieres/1870725386.htm,"Appartement avec balcon 3 pièces à vendre à Saint-Étienne (4 Saint-Étienne, à 2 pas de l'université Jean Monnet, des commerces & du tram Il se trouve au 1e étage d'un immeuble sur 4 niveaux. L'intérieur comprend une agréable salle de bain avec douche italienne, un espace nuit comprenant 2 chambres et un espace cuisine ouverte sur un grand séjour qui pour profiter de l'extérieur, vous propose un charmant balcon. La surface intérieure habitable totalise 55m2 selon la loi Carrez. Le logement donne accès à un espace de stockage en sous-sol. Le prix de vente s'élève à 75 000 euros. Un logement avec peu de charge ( environ 100EUR comprenant la chauffage,...). Vous n'avez qu'a poser vos valises Votre agence CityZen Immobilier se fera un plaisir de vous aider si vous voulez planifier une visite. Copropriété de 80 lots, aucune prcédure en cours Ne répond pas aux mails sans numéro de téléphone. Honoraires à la charges du vendeur. Agent commercial inscrit au RSAC de Saint Etienne sous le no878708411 L'agence Cityzen immobilier ne doit recevoir ni détenir d'autres fonds ou valeurs que ceux représentatifs de sa rémunération ou de sa commission Référence annonce : 649 Les honoraires sont à la charge du vendeur",11/12/2020,
47,Appartement,110000,75,"1466,666667",4,3,Garage,SAINT-ETIENNE,Secteur Jacquard,3,D,C,,1920,,,https://www.leboncoin.fr/ventes_immobilieres/1867144037.htm,"Saint-Étienne, Centre Ville T4 lumineux d'environ Saint-Étienne, Secteur Jacquard T4 lumineux d'environ 75 m2 + garage Cuisine équipée & ouverte sur une grande pièce de vie, 3 chambres, salle de bain avec douche, nombreux rangements Double vitrage PVC Charges d'environ 160 EUR par mois comprenant chauffage, eau chaude, ascenseur, entretien des parties communes, garage, font de réserve Ne répond pas aux mails sans numéro de téléphone. Honoraires à la charges du vendeur. Agent commercial inscrit au RSAC de Saint Etienne sous le no878708411 L'agence Cityzen immobilier ne doit recevoir ni détenir d'autres fonds ou valeurs que ceux représentatifs de sa rémunération ou de sa commission Référence annonce : 32589090 Prix hors honoraires : 110 000 €",11/12/2020,
48,Appartement,190000,143,"1328,671329",5,4,,SAINT-ETIENNE,"à proximité de l'université Jean Monnet, du tram et de toutes commodités",4,D,B,,1800,,,https://www.leboncoin.fr/ventes_immobilieres/1857620999.htm,"Appartement T5 Saint Etienne Saint-Etienne, à proximité de l'université Jean Monnet, du tram et de toutes commodités T5 d'environ 145 m2 + 2 place de Parking. Cuisine équipée, une très grande pièce à vivre, 4 grande chambres, une agréable salle de bain avec douche à l'italienne 2 WC ( possibilité de rajouté une seconde salle de bain facilement).. Double vitrage PVC Chauffage individuel Charges d'environ 150 euros par mois Petite copropriété de 7 lots, aucune procédure en cours Honoraires à la charges du vendeur! Agent commercial inscrit au RSAC de Saint Etienne sous le no878708411Cityzen immobilier ne doit recevoir ni détenir d'autres fonds ou valeurs que ceux représentatifs de sa rémunération ou de sa commission Référence annonce : 635 Les honoraires sont à la charge du vendeur A propos de la copropriété : Pas de procédure en cours Nombre de lots : 7",11/12/2020,
49,Appartement,125000,84,"1488,095238",3,2,"balcon, garage, cave, acun travaux à prévoir",SAINT-ETIENNE,Secteur Chateaucreux/monthieu,3,,,,,,,https://www.leboncoin.fr/ventes_immobilieres/1893427960.htm,"Appartement T4 Secteur Chateaucreux/monthieu, appartement de 84m2 dans copropriété sécurisée et proche de toutes commodités. Une grande pièce de vie avec balcon, une cuisine équipée, deux chambres, une salle de d'eau et un toilette indépendant. Le bien possède également un garage et une cave. Aucun travaux à prévoir. Chauffage individuel électrique, menuiserie double vitrage PVC. Venez découvrir la visite virtuelle sur notre site GTI immobilier. Pour plus d'informations contacter Mélissa CANTY au 06 58 79 97 19 Référence annonce : W13344-42 Les honoraires sont à la charge du vendeur A propos de la copropriété : Pas de procédure en cours",11/12/2020,
50,Appartement,210000,103,"2038,834951",5,4,"terrasse, parking",VALENCE,"non loin de tous les commerces, écoles et transports, pas loin de la Mairie.",3,E,F,,,,,https://www.leboncoin.fr/ventes_immobilieres/1895931173.htm,"Duplex de 103m2, T5, 4 chambres, terrasse, cave et parking Duplex de 103m2, T5, 4 chambres, terrasse, cave et parking Ce Duplex proche Valence, se situe non loin de tous les commerces, écoles et transports, pas loin de la Mairie. Vous y trouverez un bien de 103 M2, dans une résidence sécurisée et charmante. Au premier niveau, une cuisine équipée et semi ouverte sur le séjour, 2 chambres de 11 à 13m2 et une salle dŽeau avec W.C. Au second, de nouveau 2 chambres, avec Salle de bain et W.C separé. Des terrasses dignes de ce nom, Vue dégagée, double vitrage, chauffage au Gaz, place de parking, cave. Facade et Isolation par l'exterieur en cours de realisation. Residence soignée et arborée. Venez decouvir ce Duplex facile à vivre et proche de tout. DPE E / MN 111809/ Agent commercial TM RSAC 845 097 542 Référence annonce : 111831 Les honoraires sont à la charge du vendeur A propos de la copropriété : Pas de procédure en cours",15/12/2020,
51,Appartement,85000,67,"1268,656716",3,2,cave,VALENCE,"En plein coeur du Grand Charran,",3,,,,789,,,https://www.leboncoin.fr/ventes_immobilieres/1895824821.htm,"Valence Grand Charran - 3 pièce(s) 68 m2 avec cave

SPECIAL INVESTISSEUR - En plein coeur du Grand Charran, beau T3 de 67m2, dans une résidence des années 60 sécurisée. Il se situe au rdc surélevé et à rénover entièrement suivant votre inspiration. Il est composé d'une grande pièce de vie de 26 m² (possibilité créer chambre), cuisine indépendante avec loggia, 2 chambres, salle d'eau et WC indépendant. Une cave complète ce bien. Chauffage individuel au gaz. Faibles charges de copropriété. Honoraires charge vendeur. Patricia BERTIN Agent Commercial - Numéro RSAC : 437596638 - Aubenas
Référence annonce : 1499
Les honoraires sont à la charge du vendeur

A propos de la copropriété :
Nombre de lots : 100
Charges prévisionnelles annuelles : 789 €",15/12/2020,
52,Appartement,179670,87,"2065,172414",4,2,"2 balcons, place parking",VALENCE,"Secteur Victor Hugo, Proche de toutes commodités, écoles, commerces et bus",3,D,F,,,,,https://www.leboncoin.fr/ventes_immobilieres/1888574894.htm,"VALENCE APPARTEMENT 90 m² 4 PIECES Valence, Secteur Victor Hugo, Proche de toutes commodités, écoles, commerces et bus, un appartement lumineux de type 4 de 90 m² comprenant une cuisine aménagée et équipée, un salon/séjour d'environ 28 m2, deux chambres, une salle de bain, WC indépendant et placards. L'appartement bénéficie de deux balcons, une place de parking privée et une cave. Aucuns travaux à prévoir. A découvrir. Référence annonce : 4618827 Les honoraires sont à la charge du vendeur",15/12/2020,
53,Appartement,110000,97,"1134,020619",5,4,terrasse veranda,VALENCE,Valence Sud,3,,,,,,,https://www.leboncoin.fr/ventes_immobilieres/1895824935.htm,"Appartement Valence 5 pièce(s) 96.62 m2 VALENCE SUD- EXCLUSIVITE - Appartement de type 5 d'environ 97 m² à rénover, comprenant une cuisine indépendante avec loggia, un salon avec accès sur terrasse fermée par une véranda, 4 chambres, une salle d'eau et une cave. DPE Vierge. Tél : 04 75 59 33 23 - *** Copropriété de 727 lots (Pas de procédure en cours). Référence annonce : 1351 Les honoraires sont à la charge du vendeur A propos de la copropriété : Nombre de lots : 727",15/12/2020,
54,Appartement,138000,74,"1864,864865",4,3,cave,VALENCE,Centre ville,4,,,,,,,https://www.leboncoin.fr/ventes_immobilieres/1895824995.htm,"Appartement Valence centre ville 4 pièce(s) VALENCE CENTRE-VILLE - EXCLUSIVITE - Dans un immeuble bourgeois proche des boulevards et à 2 pas des commerces, appartement de type 4 au 3ème et dernier étage. Composé d'une cuisine aménagée et équipée ouverte sur le salon, 3 chambres et une salle de bains. Une cave. Chauffage individuel gaz de ville, double vitrages et cave. DPE vierge - Tél : 04 75 59 33 23 - *** Référence annonce : 1350 Les honoraires sont à la charge du vendeur",15/12/2020,
55,Appartement,142000,85,"1670,588235",4,2,balcon,VALENCE,proche du centre-ville et de toutes les commodités,4,E,E,,3002,,,https://www.leboncoin.fr/ventes_immobilieres/1863696683.htm,"Valence Victor Hugo, grand T4 de 85.52 m², deux chambres possibilité trois, garage et balcons Immobilier.notaires® et l'office notarial FAVIER, notaire associé, SELASU vous proposent : Appartement à vendre - VALENCE (26000) - - - - - - - - - - - - - - - - - - - - - - Valence avenue Victor Hugo, proche de la maison PIC, grand T4 lumineux de 85.52 m² (Carrez) à rénover, proche du centre-ville et de toutes les commodités, dans une copropriété avec ascenseur. Cet appartement se compose d'un hall d'entrée, d'un grand salon/séjour avec balcon et vue dégagée, cuisine avec balcon et loggia, deux chambres, salle de bain. Volets roulants électriques, une cave et un box de garage. Nombre de lots : 83. Climatisation. Charges annuelles : 3002 euros (Comprenant : Chauffage, eau chaude, eau froide, et charges générales). - - - - - - - - - - - - - - - - - - - - - - Visites : Sur rendez-vous. Contact : 06.37.02.21.65 - - - - - - - - - - - - - - - - - - - - - - Annonce de l'étude FAVIER, notaire associé, SELASU - Notaires à Valence - N° SIRET : 87974753300013 - - - - - - - - - - - - - - - - - - - - - - Immobilier.notaires® : Evaluer, acheter & vendre avec les notaires partout en France. 12 000 notaires, experts et négociateurs vous accompagnent dans vos projets immobiliers en toute confiance. Référence annonce : 22412020 A propos de la copropriété : Nombre de lots : 83 Charges prévisionnelles annuelles : 3002 €",15/12/2020,
56,Appartement,87000,60,1450,3,2,balcon,VALENCE,proche valence,2,E,F,,1200,,,https://www.leboncoin.fr/ventes_immobilieres/1867051505.htm,"VENTE APPARTEMENT T3 D ENVIRON 60M2 AVEC CAVE ET GARAGE Vente appartement T3 de 60M2 proche de Valence, si vous êtes à la recherche d'un appartement à petit budget avec les critères suivants: Grande pièce de vie d'environ 25M2 avec cuisine séparé équipée doté d'un beau balcon avec vue sur l'Ardèche et Crussol. 1 ou 2 chambres selon vos options. Salle de bain avec douche et Vasque. Une cave d'environ 8 m2 et un garage. Rénovation à prévoir. Côté technique: Chaudière collective au gaz, double vitrage, volets manuel, interphone. DPE (E). Possibilité dans la résidence de garé son vélo. Immeuble sécurisé. Il dispose d'un emplacement idéal pour se rendre a pied à tous les commerces de proximités. Alors si l'ensemble des caractéristiques de de ce bien immobilier correspondent à votre recherche, contactez nous rapidement afin d'en organiser la visite. MNo 112156 /Agent commercial MC / RCS 353 851 207 Référence annonce : 222001 Prix hors honoraires : 87 000 € A propos de la copropriété : Pas de procédure en cours Charges prévisionnelles annuelles : 1200 €",14/12/2020,
57,Appartement,227000,97,"2340,206186",4,3,rénové il y a 5 ans,VALENCE,proche gare,3,C,D,,1000,,,https://www.leboncoin.fr/ventes_immobilieres/1861071906.htm,"F4 Valence centre

Rare Valence proche gare Bel appartement de type F4.dans bel immeuble ancien Ce bel appartement de type f4 d 'une surface de 100m2 environ se compose d un beau salon séjour 35m2 environ, cuisine ouverte avec cellier attenant. 3 chambres, salle de bains, wc séparé. Entiérement rénové il ya 5 ans, cet appartement offre le charme de l 'ancien à deux pas de toutes les commodités. Beaux parquets, belle hauteur sous plafonds, traversant, chauffage individuel au gaz, double vitrage. Faibles charges de copropriété. Mno111158/RC/VF 319 019 486
Référence annonce : 127500
Les honoraires sont à la charge du vendeur

A propos de la copropriété :
Pas de procédure en cours
Charges prévisionnelles annuelles : 1000 €",14/12/2020,
58,Appartement,209000,84,"2488,095238",3,2,"balcon, cave, garage",VALENCE,avenue de la libération,3,C,D,,2500,,,https://www.leboncoin.fr/ventes_immobilieres/1853671946.htm,"VALENCE Sud de la ville, appartement T4 à vendre Dans une petite résidence de 4 logements, au calme, avenue de la libération à Valence, à vendre, appartement T4 , premier étage. Offrant une surface habitable de 84 m2, dont un séjour de 37 m2, plus un salon attenant de12.69 m2, pouvant devenir une troisiéme chambre. Deux chambres 11.33 et 14.03 m2. une salle d'eau. Un balcon plein Sud pouvant accueillir une table, une loggia fermée. Store électrique. L'appartement est refait à neuf, les huisseries sont en double vitrage PVC, les volets sont roulants électriques, la cuisine est entiérement équipée, avec plaque de cuisson, hotte, four et nombreux rangements. La climatisation individuelle est neuve. Le chauffage est collectif par radiateurs. Le logement dispose d'une cave, d'un garage, et la copropriété de 4 lots d'habitations posséde un espace vert. Résidence cloturée, sécurisée. Charges annuelles générales du lot 2500 euros ( chauffage, eau chaude, eau froide .....). Prix de vente 209 000 euros, honoraires charge vendeur. Mandat référence 2471. L'Agence Adhémar immobilier, agent FNAIM 04.75.54.42.14 Référence annonce : 2471 Prix hors honoraires : 209 000 € A propos de la copropriété : Pas de procédure en cours Nombre de lots : 4 Charges prévisionnelles annuelles : 2500 €",14/12/2020,
59,Appartement,60000,81,"740,7407407",4,2,séjour double,VALENCE,route de montelier,3,,,,2388,,,https://www.leboncoin.fr/ventes_immobilieres/1895477257.htm,"vente appartement 4 Pièce(s) Grand T4 à rénover, route de Montélier, séjour double, salle à manger (possible 3ème chambre), grande cuisine, orienté plein sud, très lumineux dû à sa situation en étage élevé. Charges mensuelles 199€/mois incluant chauffage, eau chaude et froide. Garage & cave. Cet appartement est à rénover. Honoraires à charge du vendeur Renseignements 06 05 06 11 60 Référence annonce : 548V5559A Non soumis au DPE Les honoraires sont à la charge du vendeur A propos de la copropriété : Charges prévisionnelles annuelles : 2388 €",14/12/2020,
60,Appartement,182000,60,"3033,333333",3,2,"Ascenseur, salle de fitness, garage couvert fermé (normes handicapées) complètent ce bien.",CLERMONT-FERRAND,Quartier des Cézeaux,4,A,C,,1176,,,https://www.leboncoin.fr/ventes_immobilieres/1891297347.htm,"*** EXCLUSIVITE *** Quartier des Cézeaux, dans une impasse au calme, appartement impeccable de 60m² au 3ème étage d'une résidence sécurisée de 2012. L'appartement vous propose une entrée, une cuisine équipée ouverte sur le séjour avec balcon, deux chambres avec placards, belle salle d'eau et WC séparés. Double exposition SE et SO, double vitrage PVC et volets roulants. Ascenseur, salle de fitness, garage couvert fermé (normes handicapées) complètent ce bien. Chauffage individuel gaz. Charges 98€/mois. Honoraires charges vendeur. Investir Immobilier Alexandre De Freitas 06.68.44.24.67",15/12/2020,
61,Appartement,119900,60,"1998,333333",3,2,"cave, garage",CLERMONT-FERRAND,Carmes,3,D,E,,1728,,,https://www.leboncoin.fr/ventes_immobilieres/1885127885.htm,"***Exclusivité*** Secteur Les Carmes, très bel appartement au 3e étage, parfaitement entretenue, vous n'aurez aucun travaux a prévoir dans ce bien. Il ce compose : D'une cuisine aménagée équipée ouverte sur salon séjour, de deux chambres, d'une salle d'eau, d'un dressing, un WC ainsi que d'une cave et un garage. A propos de la copropriété : Nombre de lots : 109 Charges prévisionnelles mensuelles : 144€ Contact Kévin Bouchet 06.11.93.01.94",15/12/2020,
62,Appartement,141000,69,"2043,478261",3,2,balcon,CLERMONT-FERRAND,Lafayette,3,C,D,804,804,878,,https://www.leboncoin.fr/ventes_immobilieres/1893243722.htm,"Appartement Appartement T3 Lafayette Clermont Ferrand - Dans une copropriété de 2004 - Résidence Du Motier - composée de 17 appartements répartis sur 6 étages avec ascenseur, ce Type 3 de 69m² est composée d'une salle de bain (baignoire), de deux chambres dont une avec placard, d'un wc indépendant, d'une cuisine séparée non équipée avec une chaudière (chauffage individuel gaz) ouvrant sur un balcon de 10m² et d'un séjour de 21m² donnant lui aussi sur le balcon. Le balcon est orienté perpendiculairement au boulevard lafayette donc en retrait et au calme. Les volets de la cuisine et du séjour sont électriques. Les charges de copropriété (syndic immobilier gergovia) sont de 804€ La taxe foncière est de 878€ Des travaux de rafraichissement (papier peint, sol) et d'équipements (cuisine à équiper) sont à prévoir Pas de frais d'agence, pas d'honoraires Possibilité d'obtenir un garage privatif en sous sol pour 12 000€ supplémentaire Pour plus de renseignements et programmer une visite contacter CLERDOME 04 73 41 34 00. Le bien est soumis au statut de la copropriété , la copropriété comporte 17 lots , la quote-part budget prévisionnel charge vendeur (dépenses courantes) est de 804,00 euros/an. Honoraires à la charge du vendeur. Référence annonce : TAPP101098368 Les honoraires sont à la charge du vendeur A propos de la copropriété : Nombre de lots : 17 Charges prévisionnelles annuelles : 804 €",15/12/2020,
63,Appartement,144720,60,2412,3,2,balcon sud,CLERMONT-FERRAND,Montjuzet,2,E,F,,,,,https://www.leboncoin.fr/ventes_immobilieres/1895830017.htm,"Bel appartement T3 clé en main avec balcon, garage et cave - Proche Montjuzet/La Glacière Era Immobilier Jaude vous propose : à proximité du Parc Montjuzet, vous trouverez votre bonheur dans cette petite copropriété ! Charmant appartement T3 traversant refait entièrement à neuf au premier étage. Cuisine aménagée et semi-équipée, pièce à vivre donnant sur le balcon (exposé SUD), deux belles chambres avec placards intégrés, une salle d'eau avec WC séparés. Contactez dès maintenant votre conseillère Margaux GOMOT (RSAC Clermont Ferrand : 889 858 031) : 06.23.72.39.62 Honoraires charge vendeur MARGAUX GOMOT Agent Commercial - Numéro RSAC : 889858031 - Référence annonce : 148 Les honoraires sont à la charge du vendeur",15/12/2020,
64,Appartement,230000,89,"2584,269663",4,3,"parking privé extérieur, d'une cave et d'un grenier.",CLERMONT-FERRAND,,,B,C,,,,,https://www.leboncoin.fr/ventes_immobilieres/1874480589.htm,"MANDAT CONFIANCE - CLERMONT-FD Découvrez ce bel appartement traversant et lumineux de 89.40 m² situé au premier étage d'un immeuble de standing en pierre de taille. I Intégralement refait à neuf avec gout et profitant d'une double exposition EST- OUEST, il se compose comme suit : Une entrée desservant un double séjour/salle à manger au calme sur jardin, une cuisine ouverte aménagée et équipée, trois chambres, une salle d'eau et un WC séparé. Belle hauteur sous plafond, parquets, cheminées, double vitrage sont au rendez-vous. Le chauffage est individuel au gaz. Enfin, il bénéficie d'un parking privé extérieur, d'une cave et d'un grenier. Référence annonce : 19413 Les honoraires sont à la charge du vendeur A propos de la copropriété : Nombre de lots : 10 Charges prévisionnelles annuelles : 1 €",15/12/2020,
65,Appartement,175000,89,"1966,292135",4,3,terrasse,CLERMONT-FERRAND,,,D,E,,,,,https://www.leboncoin.fr/ventes_immobilieres/1842741466.htm,"CLERMONT-FERRAND Venez visiter cet appartement en dernier étage avec une terrasse plein ouest avec vue sur les montagnes !!! Cet appartement est situé aux portes du centre-ville et bénéficie de toutes les commodités. Il est composé d'un grand séjour donnant sur la terrasse. La cuisine donne également sur la terrasse. Il possède trois chambres, une très belle salle d'eau ainsi qu'un WC séparé. Il bénéficie d'une buanderie et de nombreux rangements. Le chauffage est individuel au gaz par une chaudière de 2017. Enfin, une cave et un garage viennent compléter ce bien. A visiter rapidement!!! Référence annonce : 19348 Les honoraires sont à la charge du vendeur A propos de la copropriété : Charges prévisionnelles annuelles : 1 €",15/12/2020,
66,Appartement,99000,76,"1302,631579",3,2,balcon,CLERMONT-FERRAND,"à proximité du TRAM, des écoles, et offre un accès facile au centre ville et aux commerces.",3,D,F,,,,,https://www.leboncoin.fr/ventes_immobilieres/1753029195.htm,"CLERMONT FERRAND Dans un environnement calme et arboré, découvrez cet appartement spacieux et entièrement rénové. Cet appartement dispose d'une très belle pièce de vie donnant sur un balcon ensoleillé, d'une cuisine ouverte, moderne, aménagée et équipée de deux chambres, d'une salle de bains, d'un wc séparé et de nombreux rangements. Une cave complète la vente de ce bien. Le stationnement est très facile, la vue est dégagée et l'on possède notamment une vue puy de dôme. La situation géographique de celui-ci est idéal puisqu'il se situe à proximité du TRAM, des écoles, et offre un accès facile au centre ville et aux commerces. Référence annonce : 18789 Les honoraires sont à la charge du vendeur A propos de la copropriété : Charges prévisionnelles annuelles : 1 €",15/12/2020,
67,Appartement,109000,90,"1211,111111",4,2,"Possibilité 3 chambres, cave",SAINT-ETIENNE,Cité du design / place Foch et de Bergson,3,,,,,,,https://www.leboncoin.fr/ventes_immobilieres/1896939722.htmm,"Bel appartement situé sur le secteur bel air, à deux pas de la cité du design (arrêt de tram à 2 min), de la place Foch et de Bergson. Résidence rénovée et sécurisée avec présence d'une concierge. Places de parking collectives. - cuisine équipée récente avec électroménager, - 2 grandes chambres (possibilité 3 chambres), - Grand salon lumineux de 30 m2, - salle de bain moderne, - Grande cave, - Baies vitrées en aluminium avec volets roulants télécommandés installés en 2019, Nombreux commerces à proximité, arrêt de tram, bus au pied de l'immeuble (L12), marché de Carnot, espaces verts, parc de Montaud. La ville et la verdure à proximité sans le bruit. Quartier très calme et sécurisé. Aucun frais à prévoir. Pas d'agence et premier contact par mail !",24/12/2020,
68,Appartement,168500,118,"1427,966102",5,3,"Possibilité 4 chambres, entièrement rénové, cuisine neuve",SAINT-ETIENNE,"ules Janin, à proximité de la gare Chateaucreux, du parc des expositions, du centre commercial STEEL",4,D,E,3000,,,,https://www.leboncoin.fr/ventes_immobilieres/1872640916.htm,"SAINT ETIENNE, Jules Janin, à proximité de la gare Chateaucreux, du parc des expositions, du centre commercial STEEL, de la patinoire, et de toutes les commodités commerciales et administratives, dans une résidence calme et sécurisée, je suis un appartement T5 de 118 m2 au sol (111 m2 loi Carrez) vendu avec une cave et un garage. Mon espace de vie est composé d'une cuisine indépendante, d'un vaste salon/salle à manger, lumineux avec accès au balcon et d'un bureau. Possibilité d'ouvrir la cuisine sur le séjour. Mon espace de nuit comprend 3 chambres (possibilité » d'une 4ème avec le bureau), 1 salle de bain, 1 salle d'eau et 1WC indépendant. J'ai été entièrement rénové, cuisine neuve, menuiserie PVC double vitrage avec volets roulants électriques. UNIQUE dans la résidence, l'ascenseur arrive directement dans le hall de l'appartement et il est le seul sur le palier. Voir le plan en photo. Alors n'hésitez-pas un instant, je suis à votre disposition pour vous dévoiler toutes mes « mensurations » dans les détails et pour vous accueillir au cours d'une visite. - Montant moyen annuel de la quote part de charges (budget prévisionnel) : 3000 € soit 250 € par mois Le bien est soumis au statut de la copropriété. Bien en copropriété de : 50 lots. Honoraires à la charge du vendeur Pas de procédure en cours. Votre agent commercial 3G IMMO-CONSULTANT sur place Maurice GINOT Inscrit au RSAC de SAINT-ETIENNE 342 699 006, Tel : 0607395788 Référence annonce : 137274MG-1462368159 Les honoraires sont à la charge du vendeur A propos de la copropriété : Nombre de lots : 50 Charges prévisionnelles annuelles : 3000 €",24/12/2020,
69,Appartement,101200,98,"1032,653061",5,3,,SAINT-ETIENNE,METARE,2,D,E,2088,,,,https://www.leboncoin.fr/ventes_immobilieres/1900416284.htm,"Appartement de Type F5 - 98m² Saint Etienne Métare ST ETIENNE METARE : Appartement spacieux, de type F5 de 98m² au 9eme étage avec ascenseur, sans vis à vis et très lumineux. Vaste salon-séjour de 29m², cuisine équipée avec cellier. 3 chambres avec une salle de bain, une salle d'eau et un WC séparé. Belles prestations. A VOIR ABSOLUMENT Référence annonce : 1699 Les honoraires sont à la charge du vendeur A propos de la copropriété : Charges prévisionnelles annuelles : 2088 €",24/12/2020,
70,Appartement,179000,103,"1737,864078",4,2,"Possibilité 3 chambres, cave, garage en sous sol",SAINT-ETIENNE,Foch parc ARMEVILLE,3,D,E,2858,,,,https://www.leboncoin.fr/ventes_immobilieres/1825915213.htm,"Secteur Foch Parc ARMEVILLE F4 en dernier étage avec deux ba Exclu 42ème AVENUE : Produit rare : venez decouvrir ce magnifique F4 au parc d'Armeville en dernier étage offrant 103 m2 habitable rénové il y a 3 ans. Cet appartement se compose d'une cuisine entièrement équipée, un double séjour exposé ouest avec son accès balcon, deux chambres (possibilité 3), salle d'eau équipée, wc indépendant. Menuiserie en double vitrage pvc avec volets electrique, électricité refaite. Chauffage collectif gaz avec répartiteurs. Cave, garage en sous sol. Residence sécurisée parfaitement entretenue. Bien soumis au régime de la copropiété : charges annuelles ( 2858 EUR comprenant les charges communes générales, le chauffage, l'eau chaude, les charges de garage et l'entretien des espaces verts ainsi qu'un fonds travaux) Pour plus de renseignements veuillez contacter Yohan PEYRARD 0632900404. Cette annonce vous est proposée par M. Yohan PEYRARD, NoRSAC: , Enregistré à de Référence annonce : 1277-01 Les honoraires sont à la charge du vendeur A propos de la copropriété : Pas de procédure en cours",24/12/2020,
71,Appartement,137000,117,"1170,940171",5,4,,SAINT-ETIENNE,Carnot/Cret de Roc,3,C,D,,,,,https://www.leboncoin.fr/ventes_immobilieres/1887309498.htm,"Saint Etienne Carnot/Cret de Roc T5 pièce(s) en duplex 117 m²/4chambres + terrasse 6,58 m² Saint-Étienne, dans rue calme entre Crêt de roc et Carnot, au sein d'une copropriété composée de 2 duplex avec cour intérieure avec chacun son espace terrasse (non privative) T5 de 117 m² en duplex proposant 4 chambres, le tout en bon état général.. Vous entrez dans l'appartement par la cour intérieure et la terrasse. L'entrée dessert une cuisine indépendante de 14,56m², parquet flottant au sol, aménagée et équipée avec des meubles hauts et bas, une hotte, et une plaque cuisson 4 gaz. Cette cuisine ouvre sur un séjour de 20.23 m², peintures en bon état et parquet flottant neuf. Au rez-de-chaussée vous disposez également d'un WC et d'une buanderie de 4.21 m² avec branchement machine à laver.. Un escalier carrelé dessert l'étage composé de 4 chambres de 17.02 m² + rangement de 2,39m², 12.4 m², 13.25 m² et 11,88 m², une salle de douche de 4,83 m², carrelée sol et murs et équipée d'un miroir, luminaires, meuble sous vasque et douche.. Chauffage au gaz avec chaudière à condensation DE DIETRICH de 2014 et vannes thermostatiques ; maison réseau récemment isolée par l'intérieur ; Coût gaz mensuel 171 euros . L'ensemble des sols et des murs ont été rafraîchis depuis 2014 ; salle de bain rénovée ; double vitrage PVC de 2014 et volets bois ; tableau électrique de 2014 avec réfection du câblage électrique. Prévoir quelques finitions de rénovation. 4 caves.. La terrasse de 6,58 m² sur cour intérieure est exposée sud et au calme. . Pas de charges (autre que assurance de l'immeuble)- Référence annonce : E1R4KW Les honoraires sont à la charge du vendeur A propos de la copropriété : Nombre de lots : 2",24/12/2020,
72,Appartement,112000,98,"1142,857143",5,4,2 balcons et garage,SAINT-ETIENNE,Monthieu centre,3,E,F,2951,,,,https://www.leboncoin.fr/ventes_immobilieres/1879757569.htm,"Saint Etienne Monthieu centre, T5 98m² /4ch/balcons/garage / PARFAIT ETAT EN EXCLUSIVITE, Saint-Étienne au centre de Monthieu, à proximité immédiate des commerces, des écoles, du centre commercial de Monthieu, du Steel et de l'autoroute, T5 en parfait état de 98 m² proposant une pièce de vie de 42 m², 4 chambres, 2 balcons et garage.. Vous entrez directement dans la pièce de vie proposant un espace cuisine en bon état aménagé et équipé de meubles hauts et bas, plaque induction, hotte, four et micro-ondes. Cette pièce intègre un espace repas et un espace salon ouvrant par une baie vitrée sur un balcon de 3,30 m², gazon synthétique au sol où vous pourrez installer une table et deux chaises. En prolongement du séjour vous disposez d'une chambre de 9 m² accédant à un second balcon de 3 m².. Le dégagement nuit intégré à la pièce de vie dessert 3 chambres de 14,18 m², 12,32 m² et 11,12 m², dont deux avec rangement ; la salle de bain de 5,85 m² est carrelée sol et murs et propose baignoire, grande douche fermée, un meuble sous vasque, miroir, 1 meuble colonne et fenêtre. WC indépendant en parfait état avec lave-mains et fenêtre. 2 rangements complémentaires sur le dégagement nuit. . L'ensemble des peintures sont récentes et en bon état, les carrelages et sols PVC des chambres sont actuels ; L'appartement est moderne et agréable. Double vitrage PVC et volets roulants électriques.. Au sous-sol, vous disposez d'un garage box fermé et d'une cave.. Charges moyennes mensuelles de 246 euros incluant chauffage collectif au gaz sans répartiteurs, eau chaude avec compteur, ascenseur, entretien des communs, sortie des poubelles, charges générales + 18,30euros de fond de réserve pour travaux. Taxe foncière 1215euros.. Cet appartement conviendra parfaitement à une jeune famille avec 3 enfants ... Référence annonce : E1R7WJ Les honoraires sont à la charge du vendeur A propos de la copropriété : Nombre de lots : 10 Charges prévisionnelles annuelles : 2951 €",24/12/2020,
73,Appartement,124000,118,"1050,847458",4,3,Possibilité 4 chambres,SAINT-ETIENNE,HYPER CENTRE mais aussi à proximité d'une gare,3,C,D,757,,,,https://www.leboncoin.fr/ventes_immobilieres/1899919079.htm,"Vente Appartement 4 pièces iad France - Mélanie GRIESSEMANN (06 09 37 49 69) vous propose : Saint-Etienne, HYPER CENTRE mais aussi à proximité d'une gare: venez découvrir cet agréable appartement de 118m2 environ situé au deuxième étage. Il est actuellement composé de 3 chambres spacieuses (POSSIBILITE 4), un salon-séjour lumineux exposé sud, une cuisine indépendante, un espace buanderie, une salle de bains et un WC indépendant. De nombreux rangements complètent le tout. L'appartement dispose également d'un balcon ainsi que d'une très grande cave. Chauffage gaz individuel. Pas de travaux à prévoir sur la copropriété. Disponible 7j/7, me contacter pour plus d'informations ! La présente annonce immobilière vise 1 lot principal situé dans une copropriété formant 5 lots au total ne faisant l'objet d'aucune procédure en cours et d'un montant de charges d'environ 63.08 € par mois (soit 757 € annuel) déclaré par le vendeur.Honoraires d'agence à la charge du vendeur.Information d'affichage énergétique sur ce bien : DPE C indice 99 et GES D indice 23. La présente annonce immobilière a été rédigée sous la responsabilité éditoriale de Mme Mélanie GRIESSEMANN (ID 36730), Agent Commercial mandataire en immobilier immatriculé au Registre Spécial des Agents Commerciaux (RSAC) du Tribunal de Commerce de SAINT ETIENNE sous le numéro 834555310. Référence annonce : 870488 Les honoraires sont à la charge du vendeur A propos de la copropriété : Pas de procédure en cours Nombre de lots : 10 Charges prévisionnelles annuelles : 757 €",22/12/2020,
74,Appartement,148000,105,"1409,52381",5,3,"balcon, garage, cave",SAINT-ETIENNE,Rue Michelet,4,D,C,,1752,,,https://www.leboncoin.fr/ventes_immobilieres/1899793113.htm,"APPARTEMENT T5 AVEC BALCON ET GARAGE Rue Michelet Appartement F4 de 106M2, 7ème étage et dernier avec ascenseur dans rue calme et agréable Rue Michelet. Se compose : grande pièce à vivre donnant sur balcon, cuisine séparée, 3 chambres, 2 salle de bains , 1wc, double vitrage, volets et chauffage IND élèctrique, garage, cave, loggia et balcon de 12M2 . Charges 146/Mois. Contact: 0627381615 Mlle cuoq. 19 lots dans la copropriété, Tantiemes: 960/10000, Pas de procédure en cours . - Annonce rédigée et publiée par un Agent Mandataire - Référence annonce : 5_0636i Les honoraires sont à la charge du vendeur",22/12/2020,
75,Appartement,99990,85,"1176,352941",4,3,"cave, ascenseur local à velos",GRENOBLE,A proximité immédiate de la station La Bruyère du tram A,3,D,F,,2040,1400,,https://www.leboncoin.fr/ventes_immobilieres/1905562975.htm,"Grenoble - T4 de 85,25 m2 au deuxième étage, entièrement meublé, orienté Est, avec cave. A proximité immédiate de la station La Bruyère du tram A, à deux stations de Grand Place, groupe scolaire Malherbe jouxtant la copropriété, pharmacie et commerces au pied de l'immeuble, grand parc arboré avec jeux sous les fenêtres. Stationnement facile au pied de l'immeuble. Cet appartement est composé de 3 chambres et d'une belle cuisine. La pièce de vie, qui mesure plus de 29 m², en exposition Est, est très lumineuse. Elle donne accès à une belle loggia vitrée de plus de 6 m² avec vue imprenable sur Chamrousse et les massifs de l'Oisans. Cuisine moderne attenante à la pièce de vie, comprenant de nombreux éléments hauts et bas, avec réfrigérateur-congélateur, plaque de cuisson électrique, four encastré, four micro-ondes, hotte, lave vaisselle. Un lave linge se trouve dans la salle de bain qui comprend baignoire et double vasque. Grand cellier à proximité des chambres. Placards de rangement dans l'une des chambres. Peintures récentes, libre de suite, habitable immédiatement, sans travaux de rénovation. Peut être loué en l'état. Caméras de surveillance à l'entrée. Gardien habitant sur place. Chauffage par radiateurs collectifs. Ascenseur. Équipé fibre, cave, local à vélos. Bien soumis au statut de copropriété. Charges : 170 euros mensuels, chauffage compris. Taxe foncière annuelle : 1400 euros.",06/01/2021,
76,Appartement,130000,65,2000,4,3,"grand balcon, cave",GRENOBLE,proche tram (lequel?),,D,E,,816,,,https://www.leboncoin.fr/ventes_immobilieres/1853513273.htm,"Grenoble - MAGNIFIQUE T4 REFAIT A NEUF + BALCON Secteur les Alliés.. Résidence 'Les Alpins', superbe appartement T4 refait à neuf traversant et lumineux, cuisine équipée semi ouverte sur belle pièce de vie donnant sur grand balcon sans vis à vis; 3 chambres avec placards; salle de bain carrelée. Double vitrage pvc + volets roulants électriques, porte blindée. Cave.. Parc arboré avec jeux pour enfants. Stationnement facile. Proche toutes commodités (tram, écoles, commerces). Référence annonce : E1PXKZ Les honoraires sont à la charge du vendeur A propos de la copropriété : Nombre de lots : 100 Charges prévisionnelles annuelles : 816 €",06/01/2021,
77,Appartement,169000,48,"3520,833333",3,2,"deux balcons, cave, local a velo",GRENOBLE,AIGLE/ VALLIER LIBERATION,5,D,E,,950,,,https://www.leboncoin.fr/ventes_immobilieres/1847092899.htm,"Appartement 3 pièces Appartement T3 dernier étage avec deux balcons vue dégagéeAIGLE/ VALLIER LIBERATION au 7 -ème et dernier étage d'un immeuble de 20 lots principaux, lumineux et traversant T3 de 49 m² composé d'un salon avec balcon,cuisine aménagée avec balcon, deux belles chambres avec balcons, très bon état, Double vitrage, chauffage individuel au gaz, cave, local à vélos. Pour plus d'informations, vous pouvez nous joindre au 07.62.94.53.83 Référence annonce : 49802-1939 Les honoraires sont à la charge du vendeur A propos de la copropriété : Pas de procédure en cours Nombre de lots : 20 Charges prévisionnelles annuelles : 950 €",06/01/2021,
78,Appartement,175000,83,"2108,433735",4,3,"garage, ascenseur, gardien espaces verrts",GRENOBLE,SECTEUR EAUX CLAIRES,3,C,D,,,,,https://www.leboncoin.fr/ventes_immobilieres/1853502974.htm,"Appartement 4 pièces T4 + GARAGE BEAUX VOLUMES SECTEUR EAUX CLAIRESEn exclusivité, un appartement de type T4 + GARAGE d'environ 84m2 situé au 2eme étage d une copropriété bien entretenue avec 2 ascenseurs, gardien et espaces verts, situé sur le secteur des Eaux Claires. Le bien dispose de 3 belles chambres, d'un grand balcon accessible par toutes les pièces. Exposition dominante à l EST, double vitrage PVC, beaucoup de rangements. Rafraichissement a prévoir.Une cave complete le bien. Pour plus d'informations, vous pouvez nous joindre au 07.62.94.53.83 Référence annonce : 49844-1939 Les honoraires sont à la charge du vendeur A propos de la copropriété : Pas de procédure en cours Nombre de lots : 20 Charges prévisionnelles annuelles : 10 €",06/01/2021,
79,Appartement,109000,86,"1267,44186",4,3,"cave, place de parking, ascenseur, terrasse 7m², garage en plus pour 20000€",GRENOBLE,proche tram A,,D,C,,2160,,,https://www.leboncoin.fr/ventes_immobilieres/1690224618.htm,"GRENOBLE - Tram A et toutes commodités APPARTEMENT 4 PIÈCES AVEC TERRASSE - VUE SUR MONTAGNE À vendre dans la ville de Grenoble (38100) : grand appartement de 86 m² au 15e étage d'un immeuble avec ascenseur. Cet appartement de 4 pièces est organisé comme suit : une pièce à vivre, trois chambres et une cuisine indépendante et équipée. Il dispose aussi d'une salle d'eau. En annexe, il bénéficie d'une cave, d'une place de parking et d'une terrasse (7 m²). Vue sur les montagnes. GRAND GARAGE POSSIBLE EN SOUS-SOL + 20.000 EUROS Proche établissements scolaires, restaurants, conservatoire, théâtres et bureaux de poste. Cet appartement de 4 pièces est proposé à l'achat pour 109 000 € (honoraires à la charge du vendeur). Envie d'en savoir plus sur cet appartement en vente ? Prenez contact avec notre équipe. Référence annonce : GRENOBLE42-FSI Les honoraires sont à la charge du vendeur A propos de la copropriété : Pas de procédure en cours Charges prévisionnelles annuelles : 2160 €",06/01/2021,
80,Appartement,110000,66,"1666,666667",4,"2,5","balcon, cave, ",GRENOBLE,,,D,D,,742,,,https://www.leboncoin.fr/ventes_immobilieres/1906468294.htm,"Appartement en dernier étage avec balcon EXCLUSIVITE - GRENOBLE - Appartement de type T4 d'une superficie de 66.92 m² en dernier étage. L'appartement se compose d'un séjour double, une cuisine aménagée, 2 chambres (possibilité de faire une troisième chambre très facilement), une salle de bains avec baignoire et des toilettes séparées. Dans le séjour, un balcon exposé Est avec une vue dégagée sur les montagnes. Côté chambres et cuisine, la vue donne sur le massif du Vercors. L'appartement est vendu avec une cave. Petite copropriété de 12 lots principaux (et 8 secondaires) - Charges : 742 €/An. Référence annonce : 1001-4565186 Les honoraires sont à la charge du vendeur A propos de la copropriété : Pas de procédure en cours Nombre de lots : 20 Charges prévisionnelles annuelles : 742 €",06/01/2021,
81,Appartement,170000,90,"1888,888889",4,2,"balcon, cave, garage en option",GRENOBLE,Secteur Eaux Claires,3,C,D,,2480,,,https://www.leboncoin.fr/ventes_immobilieres/1815607562.htm,"Vente Appartement 3 pièces iad France - Marie-Christine BAUDET (06 08 99 34 92) vous propose : GRENOBLE (38100) - Secteur Eaux Claires Imaginez, ce bel appartement T4 traversant Sud/Nord, entretenu mais à rafraichir avec son vaste séjour lumineux ouvrant sur long balcon filant au sud, sa cuisine dînatoire spacieuse et fonctionnelle, une partie nuit séparée comprenant deux grandes chambres, un dressing aménagé, salle de bain avec cabine de douche et toilettes séparées. Une cave en sous-sol complète le bien. Un garage est proposé en option. Résidence 'LES HORIZONS' bien entretenue et sécurisée. Nombreux espace verts, parkings et tennis dans la résidence. Etage élevé (7/12) avec vue dégagée sur les massifs et aucun vis-à-vis. Chauffage collectif par radiateurs. Porte blindée. Les photos sont des propositions de rafraichissement à prévoir. La présente annonce immobilière vise 1 lot principal situé dans une copropriété formant 188 lots au total ne faisant l'objet d'aucune procédure en cours et d'un montant de charges d'environ 206.67 € par mois (soit 2480 € annuel) déclaré par le vendeur.Honoraires d'agence à la charge du vendeur.Information d'affichage énergétique sur ce bien : DPE C indice 130 et GES D indice 30. La présente annonce immobilière a été rédigée sous la responsabilité éditoriale de M. Marie-Christine BAUDET (ID 23413), Agent Commercial mandataire en immobilier immatriculé au Registre Spécial des Agents Commerciaux (RSAC) du Tribunal de Commerce de GRENOBLE sous le numéro 830099222. Référence annonce : 790626 Les honoraires sont à la charge du vendeur A propos de la copropriété : Pas de procédure en cours Nombre de lots : 366 Charges prévisionnelles annuelles : 2480 €",06/01/2021,
82,Appartement,140000,70,2000,3,2,,GRENOBLE,rue stalingrad (proche bd marechal foch),3,,,,,,,https://www.leboncoin.fr/ventes_immobilieres/1906411496.htm,"Grenoble, rue de Stalingrad (proche Bd Marechal Foch), T3 70 m² à rafraichir. Beau potentiel. 3ème Etage avec ascenseur Résidence sécurisée par Digicode Appartement très clair et bien distribué. Les chambres sont assez grandes. On peut ouvrir la cuisine sur le salon pour faire une très grande pièce avec cuisine américaine. Triple exposition : -Salon plein Sud -2 Chambres exposées Est -Grande Cuisine dinatoire exposée Ouest Chauffage Gaz individuel. Chaudière récente utilisée 2 ans. Il faut rafraichir les peintures, refaire la salle de bain et la cuisine. Possibilité d'acheter un box extérieur dans la copropriété. Visite possible sur rendez-vous du 6/01 11h30 au 8/01 14h30. Appelez le 06 16 40 07 84 pour prendre rendez-vous. Agence s'abstenir.",06/01/2021,
83,Appartement,136000,53,"2566,037736",3,2,"ascenseur, balcon, ",GRENOBLE,IUFM MOUNIER,,F,G,,798,,,https://www.leboncoin.fr/ventes_immobilieres/1906447637.htm,"GRENOBLE IUFM MOUNIER coquet 3P+C refait à neuf, bénéficiant d'une position dominante, au dernier étage avec ascenseur d'un immeuble dont la façade va être intégralement refaite avec une isolation par l'extérieur (prise en charge par les vendeurs). Très jolie vue dégagée sur les massifs, balcon, calme absolu. Séjour orienté à l'ouest avec son balcon, deux chambres et salle d'eau rénovée avec douche, cuisine aménagée. Chauffage individuel au gaz. Appartement à proximité du TRAM et de tous commerces, ayant fait l'objet d'une rénovation récente (double vitrage, parquet chêne massif, peinture, salle d'eau, électricité ). A voir au plus vite! Référence annonce : 17261-4593638 Les honoraires sont à la charge du vendeur A propos de la copropriété : Pas de procédure en cours Nombre de lots : 50 Charges prévisionnelles annuelles : 798 €",05/01/2021,
84,Appartement,158900,90,"1765,555556",4,"2,5","parking, tennis, balcon, ",GRENOBLE,,,C,D,,1641,,,https://www.leboncoin.fr/ventes_immobilieres/1906096580.htm,"ETAGE ELEVE - BALCON - VUE MASSIFS - PARKING A VOIR ABSOLUMENT ! Dans résidence de bon standing, sécurisée, calme et très bien entretenue, avec espaces verts, parking et tennis LES HORIZONS (188 lots principaux). Appartement 4 P+C et dépendances - 90 m² env. au 9ème étage / 12 - traversant, lumineux, sans aucun vis à vis avec vue panoramique sur 3 massifs, à proximité de toutes les commodités (écoles, transports, tous commerces). Composé d'un séjour double de 35 m² env. ouvrant sur balcon de 13m² env., expo Ouest, cuisine indépendante, expo. Est, 2 chambres (possibilité 3), salle de bains, toilettes séparées et dressing. Fenêtres neuves double vitrage PVC oscillo-battant - Ce bien à rafraîchir offre un énorme potentiel, il est vendu avec 1 cave en sous-sol. Charges courantes : 1.641,54 €/an (Ent. copro - Chauff. et eau F/C avec compteurs individuels) CLASSE ÉNERGIE : C - 158.900 Euros - Honoraires charge Vendeur. Agent Commercial : Mme Michèle CARRETERO 06.37.90.16.24 - RSAC GRENOBLE N°431896307 *** Référence annonce : V897-4284231 Les honoraires sont à la charge du vendeur A propos de la copropriété : Pas de procédure en cours Nombre de lots : 366 Charges prévisionnelles annuelles : 1642 €",05/01/2021,
85,Appartement,112000,90,"1244,444444",5,3,"cave et parking privé, balcon",CLERMONT-FERRAND,,,D,E,,2292,,,https://www.leboncoin.fr/ventes_immobilieres/1885045797.htm,"Trés bel Appartement entiérement rénové avec goût d'une surface de 90 m2 hab avec balcon. Il est composé d'une cuisine aménagée, d'un grand séjour salle à manger, de 3 chambres, d'une salle de bains, wc, cave et parking privé. Belles prestations!! il est situé rue des hauts de chanturgue. - Montant moyen annuel de la quote part de charges (budget prévisionnel) : 2292 € soit 191 € par mois Le bien est soumis au statut de la copropriété. Bien en copropriété de : 162 lots. Honoraires de 6.67 % TTC inclus à la charge de l'acquéreur (105 000 € hors honoraires) Pas de procédure en cours. Votre agent commercial 3G IMMO-CONSULTANT sur place Yasmina MEKADEM Inscrite au RSAC de CLERMONT-FERRAND 445 012 354, Tel : 06 86 67 27 85 Référence annonce : 137994YM-1462368756 A propos de la copropriété : Charges prévisionnelles annuelles : 2292 €",10/01/2021,
86,Appartement,99500,67,"1485,074627",4,3,balcon,CLERMONT-FERRAND,Vallières/Stade Philippes Marcombes,3,E,F,,703,,,https://www.leboncoin.fr/ventes_immobilieres/1899485273.htm,"Quartier très recherché ! Vallières/Stade Philippes Marcombes - F4 en dernier étage avec balcon, vue dégagée et travaux. Nichée au dernier étage (3ème étage) d'une copropriété à taille humaine, venez découvrir ce logement agréable à vivre ; l'appartement très lumineux, dispose d'une double exposition. La pièce de vie donne accès au balcon et la cuisine avec une loggia ; la partie nuit comprend un dressing, des placards, 3 chambres, une salle de bains et des WC indépendants. Une cave Les plus : Chauffage individuel Gaz, double vitrage PVC - Fibre dans l'immeuble - Pas d'ascenseur - Pas de stationnement mais place gratuite dans la rue - proximité du stade Philippes Marcombe pour les sportifs (video du projet en cours de finition : ***?v=FHkAHUBoQlg&feature=emb_title) Immeuble entretenu : Réfection des façades 2011, Remplacement gardes corps des balcons 2011, Isolation des combles 2011, Porte de l'immeuble changée 2007, Etanchéïté cheminée 2007, Réfection des enrobés des parties communes 2013... plus de gros travaux à prévoir sauf dans le logement ! Magali Vedrine sera disponible au 07 69 61 65 05 pour plus de renseignements - Montant moyen annuel de la quote part de charges (budget prévisionnel) : 702.6 € soit 58.55 € par mois Le bien est soumis au statut de la copropriété. Bien en copropriété de : 16 lots. Honoraires à la charge du vendeur Pas de procédure en cours. Votre agent commercial 3G IMMO-CONSULTANT sur place Magali VEDRINE Inscrite au RSAC de CLERMONT FERRAND 830 705 497, Tel : 07 69 61 65 05 Référence annonce : 138866MV-1462369499 Les honoraires sont à la charge du vendeur A propos de la copropriété : Nombre de lots : 16 Charges prévisionnelles annuelles : 703 €",10/01/2021,
87,Appartement,166950,74,"2256,081081",3,2,"balcon, parking",CLERMONT-FERRAND,Les Paulines,2,E,C,,1104,,,https://www.leboncoin.fr/ventes_immobilieres/1868156979.htm,"Jean-Baptiste MAGNE vous propose à Clermont Ferrand les Paulines, un appartement de type 3 bis. Au sein d'une petite copropriété, cet appartement traversant dispose d'un balcon et parking. Refait il y a peu, l'électricité, la cuisine et la salle d'eau sont en très bon état, il bénéficie de couleur sobre et d'un espace bureau pouvant s'ouvrir afin d'agrandir le séjour. La cuisine donne sur le balcon à l'ouest pratiquement sans vis à vis. Visite Virtuelle depuis notre site *** J'aime la proximité des commodités et accès, les volume, et la qualité de la rénovation. À la recherche de bien pour client qualifié, l'estimation est offerte ; je peux vous proposer différents services comme la conciergerie afin de gérer abonnement, déménagement, etc... - Montant moyen annuel de la quote part de charges (budget prévisionnel) : 1104 € soit 92 € par mois Le bien est soumis au statut de la copropriété. Bien en copropriété de : 20 lots. Honoraires à la charge du vendeur Pas de procédure en cours. Votre agent commercial 3G IMMO-CONSULTANT sur place Jean-Baptiste MAGNE Inscrit au RSAC de CLERMONT-FERRAND 517 593 190, Tel : 06 32 14 22 29 Référence annonce : 137296JBM-1462367895 Les honoraires sont à la charge du vendeur A propos de la copropriété : Charges prévisionnelles annuelles : 1104 €",10/01/2021,
88,Appartement,120000,85,"1411,764706",5,4,balcon,CLERMONT-FERRAND,La plaine,2,,,,1560,,,https://www.leboncoin.fr/ventes_immobilieres/1908916591.htm,"Exceptionnel appartement en vente sans frais d’agence. T5 92m² avec balcon, quartier calme, proche Montferrand, limite La plaine/la Gaulthière et sorties de Clermont fd Charmant T5 94 m² avec balcon dans résidence calme et sécurisée Proche lycée Ambroise Brugière. Il se compose: T5 au 4ème étage - entrée (4.69 m²) cuisine (9.07 m²) salon (20.58 m²) chambre 1(10.75 m²) couloir + placards (6.04 m²) salle de bain (4.25 m²) chambre 2(8.67 m²) chambre 3 (9.72 m²) chambre 4 (9.73 m²) WC (1.21 m²) Surface loi Carrez totale : 84.71 m² / Surface totale 94.64 m² Séchoir (3.03 m²) balcon (6.90 m²) Sous-sol cave n°49 (13.25 m²) Charges 130euros/mois. Chauffage collectif. Prix : 120 000 €",10/01/2021,
89,Appartement,231900,66,"3513,636364",3,2,balcon,CLERMONT-FERRAND,rue de la parlette,2,A,B,,840,,,https://www.leboncoin.fr/ventes_immobilieres/1885789195.htm,"CLERMONT, rue de la Parlette, dans un environnement calme à proximité des commodités, lignes de bus, venez découvrir ce très bel appartement de type 3 en frais de notaire réduits (2,5 %), d'environ 66 m² habitables, situé au deuxième étage d'une copropriété de belle facture et comprenant une cuisine aménagée ouverte sur pièce de vie (27 m²) donnant sur une belle terrasse abritée de 8 m², 2 chambres, une spacieuse salle d'eau aménagée avec douche à l'italienne, WC séparé, un garage privatif avec porte automatisée. Chauffage gaz individuel. Très belle vue dégagée. Copropriété aux normes PMR et reliée à la fibre optique. DPE: étiquette énergie A. Charges courantes mensuelles: env. 70 euros. Prix: 231 900 euros frais d'agence inclus (dont honoraires d'agence 4,17 % TTC). Réf: 775. Contacter T.MONTEILS: 06.86.67.35.52",10/01/2021,
90,Maison,179620,104,"1727,115385",3,2,"garage, cave",CLERMONT-FERRAND,,,,,442,,,680,https://www.leboncoin.fr/ventes_immobilieres/1905965120.htm,"Investissement locatif, Maison Montferrand 63100, 2 chambres Agréable maison de ville lumineuse d'environ 104m² sur trois niveaux. Au Rez de Chaussée, vous trouverez une salle d'eau, un dégagement et un vaste garage par lequel on accède à une cave sous-terraine. Au premier, une belle pièce de vie( de presque 40 m²) lumière traversante ouverte sur une cuisine équipée . Enfin au deuxième étage, deux belles chambres avec rangements, une salle de bain et wc séparé. Chauffage au gaz, double vitrage. Taxe foncière : 442 € - DPE en cours Bien vendu loué 680 € (locataire en place depuis plus de 3 ans) Ce bien vous est proposé au prix de 179620 euros Frais d'agence Inclus à la charge du vendeur (soit 5.66 % d'honoraires sur 170000 euros net vendeur). Vous pouvez me joindre pour de plus amples informations au 06 99 86 25 95. Annonce rédigée et publiée par Alexia Couderc, agent mandataire, consultant immobilier indépendant inscrit au RSAC 750735136. Référence annonce : VM270-COUDERC2 Les honoraires sont à la charge du vendeur",10/01/2021,
91,Appartement,150000,61,"2459,016393",3,2,,CLERMONT-FERRAND,Clermont Edouard Michelin,3,A,B,,,,,https://www.leboncoin.fr/ventes_immobilieres/1859442374.htm,"Appartement T3 Clermont Edouard Michelin - Situé rue du Général Cochet à Clermont-Fd, résidence innovante labellisée BBC sécurisée. Rue calme, pas de nuisance sonore. Chauffage individuel gaz, avec production d'eau chaude sanitaire par panneaux solaires. Ce T3 se situe au 2ème étage (sans ascenseur), 60.86m², pièce de vie double expo E/O 28m², terrasse de 4.26m², 1 garage fermé individuel. Prix propriétaire occupant (sous condition de ressources) : 150 000 € (appt n°A6) (stationnement inclus). Pas de frais d'agence. Prix tout compris. Frais de notaire réduit. Programme commercialisé en location-accession *: - Exonération de taxe foncière pendant 15 ans - TVA réduite : 5.5 au lieu de 20% - Sécurisation : Garanties Rachat Revente et relogement Programme commercialisé également en VEFA (vente sur plan), possibilité d'acheter en PINEL. Pour plus de renseignements ou une visite sur place, contactez-nous au 04 73 41 34 00. Le bien est soumis au statut de la copropriété , la copropriété comporte 10 lots. Honoraires à la charge du vendeur. Référence annonce : TAPP101098066 Les honoraires sont à la charge du vendeur A propos de la copropriété : Nombre de lots : 10",10/01/2021,
92,Appartement,226000,94,"2404,255319",4,3,ECS solaire,CLERMONT-FERRAND,rue du Général Cochet à Clermont-Fd,3,A,C,,,,,https://www.leboncoin.fr/ventes_immobilieres/1859442304.htm,"Appartement T4 duplex Clermont Edouard Michelin - Situé rue du Général Cochet à Clermont-Fd, résidence innovante labellisée BBC sécurisée. Rue calme, pas de nuisance sonore. Chauffage individuel gaz, avec production d'eau chaude sanitaire par panneaux solaires.
Ce T4 duplex est au 1er étage (sans ascenseur), 94m², partie nuit en RDC composée de 3 chambres avec placard et d'une salle de bain et WC séparés, partie jour à l'étage avec belle pièce à vivre de 40m² et terrasse de 5.46m². Garage privatif dans Batiment A.
Prix : 226 000€ TVA 20%* (appt n°A02), (stationnement inclus).
Pas de frais d'agence. Prix tout compris. Frais de notaire réduit.
Possibilité d'acheter en PINEL.
Pour plus de renseignements ou une visite sur place, contactez-nous au 04 73 41 34 00. Le bien est soumis au statut de la copropriété , la copropriété comporte 4 lots.
Honoraires à la charge du vendeur.
Référence annonce : TAPP101098068
Les honoraires sont à la charge du vendeur

A propos de la copropriété :
Nombre de lots : 4",10/01/2021,
